DATAFLOW,LAST UPDATE,freq,c_resid,unit,nace_r2,geo,TIME_PERIOD,OBS_VALUE,OBS_FLAG
ESTAT:TOUR_OCC_NIM(1.0),26/11/24 11:00:00,Monthly,Total,Number,"Hotels; holiday and other short-stay accommodation; camping grounds, recreational vehicle parks and trailer parks",Albania,2023-12,204123,e
ESTAT:TOUR_OCC_NIM(1.0),26/11/24 11:00:00,Monthly,Total,Number,"Hotels; holiday and other short-stay accommodation; camping grounds, recreational vehicle parks and trailer parks",Albania,2024-01,169714,
ESTAT:TOUR_OCC_NIM(1.0),26/11/24 11:00:00,Monthly,Total,Number,"Hotels; holiday and other short-stay accommodation; camping grounds, recreational vehicle parks and trailer parks",Albania,2024-02,168756,
ESTAT:TOUR_OCC_NIM(1.0),26/11/24 11:00:00,Monthly,Total,Number,"Hotels; holiday and other short-stay accommodation; camping grounds, recreational vehicle parks and trailer parks",Albania,2024-03,224868,
ESTAT:TOUR_OCC_NIM(1.0),26/11/24 11:00:00,Monthly,Total,Number,"Hotels; holiday and other short-stay accommodation; camping grounds, recreational vehicle parks and trailer parks",Albania,2024-04,391836,
ESTAT:TOUR_OCC_NIM(1.0),26/11/24 11:00:00,Monthly,Total,Number,"Hotels; holiday and other short-stay accommodation; camping grounds, recreational vehicle parks and trailer parks",Albania,2024-05,510285,
ESTAT:TOUR_OCC_NIM(1.0),26/11/24 11:00:00,Monthly,Total,Number,"Hotels; holiday and other short-stay accommodation; camping grounds, recreational vehicle parks and trailer parks",Albania,2024-06,869073,
ESTAT:TOUR_OCC_NIM(1.0),26/11/24 11:00:00,Monthly,Total,Number,"Hotels; holiday and other short-stay accommodation; camping grounds, recreational vehicle parks and trailer parks",Albania,2024-07,1378296,
ESTAT:TOUR_OCC_NIM(1.0),26/11/24 11:00:00,Monthly,Total,Number,"Hotels; holiday and other short-stay accommodation; camping grounds, recreational vehicle parks and trailer parks",Albania,2024-08,1697681,
ESTAT:TOUR_OCC_NIM(1.0),26/11/24 11:00:00,Monthly,Total,Number,"Hotels; holiday and other short-stay accommodation; camping grounds, recreational vehicle parks and trailer parks",Austria,2023-12,9726250,
ESTAT:TOUR_OCC_NIM(1.0),26/11/24 11:00:00,Monthly,Total,Number,"Hotels; holiday and other short-stay accommodation; camping grounds, recreational vehicle parks and trailer parks",Austria,2024-01,12706968,
ESTAT:TOUR_OCC_NIM(1.0),26/11/24 11:00:00,Monthly,Total,Number,"Hotels; holiday and other short-stay accommodation; camping grounds, recreational vehicle parks and trailer parks",Austria,2024-02,14667983,
ESTAT:TOUR_OCC_NIM(1.0),26/11/24 11:00:00,Monthly,Total,Number,"Hotels; holiday and other short-stay accommodation; camping grounds, recreational vehicle parks and trailer parks",Austria,2024-03,11686261,
ESTAT:TOUR_OCC_NIM(1.0),26/11/24 11:00:00,Monthly,Total,Number,"Hotels; holiday and other short-stay accommodation; camping grounds, recreational vehicle parks and trailer parks",Austria,2024-04,5898803,
ESTAT:TOUR_OCC_NIM(1.0),26/11/24 11:00:00,Monthly,Total,Number,"Hotels; holiday and other short-stay accommodation; camping grounds, recreational vehicle parks and trailer parks",Austria,2024-05,8369744,
ESTAT:TOUR_OCC_NIM(1.0),26/11/24 11:00:00,Monthly,Total,Number,"Hotels; holiday and other short-stay accommodation; camping grounds, recreational vehicle parks and trailer parks",Austria,2024-06,10331001,
ESTAT:TOUR_OCC_NIM(1.0),26/11/24 11:00:00,Monthly,Total,Number,"Hotels; holiday and other short-stay accommodation; camping grounds, recreational vehicle parks and trailer parks",Austria,2024-07,15764666,
ESTAT:TOUR_OCC_NIM(1.0),26/11/24 11:00:00,Monthly,Total,Number,"Hotels; holiday and other short-stay accommodation; camping grounds, recreational vehicle parks and trailer parks",Austria,2024-08,17714380,
ESTAT:TOUR_OCC_NIM(1.0),26/11/24 11:00:00,Monthly,Total,Number,"Hotels; holiday and other short-stay accommodation; camping grounds, recreational vehicle parks and trailer parks",Austria,2024-09,10008645,
ESTAT:TOUR_OCC_NIM(1.0),26/11/24 11:00:00,Monthly,Total,Number,"Hotels; holiday and other short-stay accommodation; camping grounds, recreational vehicle parks and trailer parks",Belgium,2023-12,2860770,
ESTAT:TOUR_OCC_NIM(1.0),26/11/24 11:00:00,Monthly,Total,Number,"Hotels; holiday and other short-stay accommodation; camping grounds, recreational vehicle parks and trailer parks",Belgium,2024-01,1993653,
ESTAT:TOUR_OCC_NIM(1.0),26/11/24 11:00:00,Monthly,Total,Number,"Hotels; holiday and other short-stay accommodation; camping grounds, recreational vehicle parks and trailer parks",Belgium,2024-02,2444610,
ESTAT:TOUR_OCC_NIM(1.0),26/11/24 11:00:00,Monthly,Total,Number,"Hotels; holiday and other short-stay accommodation; camping grounds, recreational vehicle parks and trailer parks",Belgium,2024-03,3152541,
ESTAT:TOUR_OCC_NIM(1.0),26/11/24 11:00:00,Monthly,Total,Number,"Hotels; holiday and other short-stay accommodation; camping grounds, recreational vehicle parks and trailer parks",Belgium,2024-04,3590997,
ESTAT:TOUR_OCC_NIM(1.0),26/11/24 11:00:00,Monthly,Total,Number,"Hotels; holiday and other short-stay accommodation; camping grounds, recreational vehicle parks and trailer parks",Belgium,2024-05,4354427,
ESTAT:TOUR_OCC_NIM(1.0),26/11/24 11:00:00,Monthly,Total,Number,"Hotels; holiday and other short-stay accommodation; camping grounds, recreational vehicle parks and trailer parks",Belgium,2024-06,3826861,
ESTAT:TOUR_OCC_NIM(1.0),26/11/24 11:00:00,Monthly,Total,Number,"Hotels; holiday and other short-stay accommodation; camping grounds, recreational vehicle parks and trailer parks",Belgium,2024-07,6059220,u
ESTAT:TOUR_OCC_NIM(1.0),26/11/24 11:00:00,Monthly,Total,Number,"Hotels; holiday and other short-stay accommodation; camping grounds, recreational vehicle parks and trailer parks",Belgium,2024-08,5952026,u
ESTAT:TOUR_OCC_NIM(1.0),26/11/24 11:00:00,Monthly,Total,Number,"Hotels; holiday and other short-stay accommodation; camping grounds, recreational vehicle parks and trailer parks",Belgium,2024-09,3408854,u
ESTAT:TOUR_OCC_NIM(1.0),26/11/24 11:00:00,Monthly,Total,Number,"Hotels; holiday and other short-stay accommodation; camping grounds, recreational vehicle parks and trailer parks",Bulgaria,2023-12,,c
ESTAT:TOUR_OCC_NIM(1.0),26/11/24 11:00:00,Monthly,Total,Number,"Hotels; holiday and other short-stay accommodation; camping grounds, recreational vehicle parks and trailer parks",Bulgaria,2024-01,1030858,
ESTAT:TOUR_OCC_NIM(1.0),26/11/24 11:00:00,Monthly,Total,Number,"Hotels; holiday and other short-stay accommodation; camping grounds, recreational vehicle parks and trailer parks",Bulgaria,2024-02,1181933,
ESTAT:TOUR_OCC_NIM(1.0),26/11/24 11:00:00,Monthly,Total,Number,"Hotels; holiday and other short-stay accommodation; camping grounds, recreational vehicle parks and trailer parks",Bulgaria,2024-03,1074827,
ESTAT:TOUR_OCC_NIM(1.0),26/11/24 11:00:00,Monthly,Total,Number,"Hotels; holiday and other short-stay accommodation; camping grounds, recreational vehicle parks and trailer parks",Bulgaria,2024-04,1012373,
ESTAT:TOUR_OCC_NIM(1.0),26/11/24 11:00:00,Monthly,Total,Number,"Hotels; holiday and other short-stay accommodation; camping grounds, recreational vehicle parks and trailer parks",Bulgaria,2024-05,1426868,
ESTAT:TOUR_OCC_NIM(1.0),26/11/24 11:00:00,Monthly,Total,Number,"Hotels; holiday and other short-stay accommodation; camping grounds, recreational vehicle parks and trailer parks",Bulgaria,2024-06,3535534,
ESTAT:TOUR_OCC_NIM(1.0),26/11/24 11:00:00,Monthly,Total,Number,"Hotels; holiday and other short-stay accommodation; camping grounds, recreational vehicle parks and trailer parks",Bulgaria,2024-07,5957911,
ESTAT:TOUR_OCC_NIM(1.0),26/11/24 11:00:00,Monthly,Total,Number,"Hotels; holiday and other short-stay accommodation; camping grounds, recreational vehicle parks and trailer parks",Bulgaria,2024-08,6329567,
ESTAT:TOUR_OCC_NIM(1.0),26/11/24 11:00:00,Monthly,Total,Number,"Hotels; holiday and other short-stay accommodation; camping grounds, recreational vehicle parks and trailer parks",Bulgaria,2024-09,3068839,
ESTAT:TOUR_OCC_NIM(1.0),26/11/24 11:00:00,Monthly,Total,Number,"Hotels; holiday and other short-stay accommodation; camping grounds, recreational vehicle parks and trailer parks",Switzerland,2023-12,3826232,
ESTAT:TOUR_OCC_NIM(1.0),26/11/24 11:00:00,Monthly,Total,Number,"Hotels; holiday and other short-stay accommodation; camping grounds, recreational vehicle parks and trailer parks",Switzerland,2024-01,4383738,
ESTAT:TOUR_OCC_NIM(1.0),26/11/24 11:00:00,Monthly,Total,Number,"Hotels; holiday and other short-stay accommodation; camping grounds, recreational vehicle parks and trailer parks",Switzerland,2024-02,5394617,
ESTAT:TOUR_OCC_NIM(1.0),26/11/24 11:00:00,Monthly,Total,Number,"Hotels; holiday and other short-stay accommodation; camping grounds, recreational vehicle parks and trailer parks",Switzerland,2024-03,4595027,
ESTAT:TOUR_OCC_NIM(1.0),26/11/24 11:00:00,Monthly,Total,Number,"Hotels; holiday and other short-stay accommodation; camping grounds, recreational vehicle parks and trailer parks",Cyprus,2023-12,384700,
ESTAT:TOUR_OCC_NIM(1.0),26/11/24 11:00:00,Monthly,Total,Number,"Hotels; holiday and other short-stay accommodation; camping grounds, recreational vehicle parks and trailer parks",Cyprus,2024-01,269500,
ESTAT:TOUR_OCC_NIM(1.0),26/11/24 11:00:00,Monthly,Total,Number,"Hotels; holiday and other short-stay accommodation; camping grounds, recreational vehicle parks and trailer parks",Cyprus,2024-02,397758,
ESTAT:TOUR_OCC_NIM(1.0),26/11/24 11:00:00,Monthly,Total,Number,"Hotels; holiday and other short-stay accommodation; camping grounds, recreational vehicle parks and trailer parks",Cyprus,2024-03,778439,
ESTAT:TOUR_OCC_NIM(1.0),26/11/24 11:00:00,Monthly,Total,Number,"Hotels; holiday and other short-stay accommodation; camping grounds, recreational vehicle parks and trailer parks",Cyprus,2024-04,1155099,
ESTAT:TOUR_OCC_NIM(1.0),26/11/24 11:00:00,Monthly,Total,Number,"Hotels; holiday and other short-stay accommodation; camping grounds, recreational vehicle parks and trailer parks",Cyprus,2024-05,1516511,
ESTAT:TOUR_OCC_NIM(1.0),26/11/24 11:00:00,Monthly,Total,Number,"Hotels; holiday and other short-stay accommodation; camping grounds, recreational vehicle parks and trailer parks",Cyprus,2024-06,2042101,
ESTAT:TOUR_OCC_NIM(1.0),26/11/24 11:00:00,Monthly,Total,Number,"Hotels; holiday and other short-stay accommodation; camping grounds, recreational vehicle parks and trailer parks",Cyprus,2024-07,2603465,
ESTAT:TOUR_OCC_NIM(1.0),26/11/24 11:00:00,Monthly,Total,Number,"Hotels; holiday and other short-stay accommodation; camping grounds, recreational vehicle parks and trailer parks",Cyprus,2024-08,2425210,
ESTAT:TOUR_OCC_NIM(1.0),26/11/24 11:00:00,Monthly,Total,Number,"Hotels; holiday and other short-stay accommodation; camping grounds, recreational vehicle parks and trailer parks",Cyprus,2024-09,2099158,
ESTAT:TOUR_OCC_NIM(1.0),26/11/24 11:00:00,Monthly,Total,Number,"Hotels; holiday and other short-stay accommodation; camping grounds, recreational vehicle parks and trailer parks",Czechia,2023-12,3422148,
ESTAT:TOUR_OCC_NIM(1.0),26/11/24 11:00:00,Monthly,Total,Number,"Hotels; holiday and other short-stay accommodation; camping grounds, recreational vehicle parks and trailer parks",Czechia,2024-01,3025470,
ESTAT:TOUR_OCC_NIM(1.0),26/11/24 11:00:00,Monthly,Total,Number,"Hotels; holiday and other short-stay accommodation; camping grounds, recreational vehicle parks and trailer parks",Czechia,2024-02,3683167,
ESTAT:TOUR_OCC_NIM(1.0),26/11/24 11:00:00,Monthly,Total,Number,"Hotels; holiday and other short-stay accommodation; camping grounds, recreational vehicle parks and trailer parks",Czechia,2024-03,3848770,
ESTAT:TOUR_OCC_NIM(1.0),26/11/24 11:00:00,Monthly,Total,Number,"Hotels; holiday and other short-stay accommodation; camping grounds, recreational vehicle parks and trailer parks",Czechia,2024-04,3698867,
ESTAT:TOUR_OCC_NIM(1.0),26/11/24 11:00:00,Monthly,Total,Number,"Hotels; holiday and other short-stay accommodation; camping grounds, recreational vehicle parks and trailer parks",Czechia,2024-05,5044364,
ESTAT:TOUR_OCC_NIM(1.0),26/11/24 11:00:00,Monthly,Total,Number,"Hotels; holiday and other short-stay accommodation; camping grounds, recreational vehicle parks and trailer parks",Czechia,2024-06,5187446,
ESTAT:TOUR_OCC_NIM(1.0),26/11/24 11:00:00,Monthly,Total,Number,"Hotels; holiday and other short-stay accommodation; camping grounds, recreational vehicle parks and trailer parks",Czechia,2024-07,8124230,
ESTAT:TOUR_OCC_NIM(1.0),26/11/24 11:00:00,Monthly,Total,Number,"Hotels; holiday and other short-stay accommodation; camping grounds, recreational vehicle parks and trailer parks",Czechia,2024-08,8081394,
ESTAT:TOUR_OCC_NIM(1.0),26/11/24 11:00:00,Monthly,Total,Number,"Hotels; holiday and other short-stay accommodation; camping grounds, recreational vehicle parks and trailer parks",Czechia,2024-09,4743724,
ESTAT:TOUR_OCC_NIM(1.0),26/11/24 11:00:00,Monthly,Total,Number,"Hotels; holiday and other short-stay accommodation; camping grounds, recreational vehicle parks and trailer parks",Germany,2023-12,25987686,
ESTAT:TOUR_OCC_NIM(1.0),26/11/24 11:00:00,Monthly,Total,Number,"Hotels; holiday and other short-stay accommodation; camping grounds, recreational vehicle parks and trailer parks",Germany,2024-01,20969914,
ESTAT:TOUR_OCC_NIM(1.0),26/11/24 11:00:00,Monthly,Total,Number,"Hotels; holiday and other short-stay accommodation; camping grounds, recreational vehicle parks and trailer parks",Germany,2024-02,23676383,
ESTAT:TOUR_OCC_NIM(1.0),26/11/24 11:00:00,Monthly,Total,Number,"Hotels; holiday and other short-stay accommodation; camping grounds, recreational vehicle parks and trailer parks",Germany,2024-03,30785149,
ESTAT:TOUR_OCC_NIM(1.0),26/11/24 11:00:00,Monthly,Total,Number,"Hotels; holiday and other short-stay accommodation; camping grounds, recreational vehicle parks and trailer parks",Germany,2024-04,32314564,
ESTAT:TOUR_OCC_NIM(1.0),26/11/24 11:00:00,Monthly,Total,Number,"Hotels; holiday and other short-stay accommodation; camping grounds, recreational vehicle parks and trailer parks",Germany,2024-05,44073802,
ESTAT:TOUR_OCC_NIM(1.0),26/11/24 11:00:00,Monthly,Total,Number,"Hotels; holiday and other short-stay accommodation; camping grounds, recreational vehicle parks and trailer parks",Germany,2024-06,43880408,
ESTAT:TOUR_OCC_NIM(1.0),26/11/24 11:00:00,Monthly,Total,Number,"Hotels; holiday and other short-stay accommodation; camping grounds, recreational vehicle parks and trailer parks",Germany,2024-07,52547119,
ESTAT:TOUR_OCC_NIM(1.0),26/11/24 11:00:00,Monthly,Total,Number,"Hotels; holiday and other short-stay accommodation; camping grounds, recreational vehicle parks and trailer parks",Germany,2024-08,54169810,
ESTAT:TOUR_OCC_NIM(1.0),26/11/24 11:00:00,Monthly,Total,Number,"Hotels; holiday and other short-stay accommodation; camping grounds, recreational vehicle parks and trailer parks",Germany,2024-09,43884640,
ESTAT:TOUR_OCC_NIM(1.0),26/11/24 11:00:00,Monthly,Total,Number,"Hotels; holiday and other short-stay accommodation; camping grounds, recreational vehicle parks and trailer parks",Denmark,2023-12,1718376,
ESTAT:TOUR_OCC_NIM(1.0),26/11/24 11:00:00,Monthly,Total,Number,"Hotels; holiday and other short-stay accommodation; camping grounds, recreational vehicle parks and trailer parks",Denmark,2024-01,1415554,
ESTAT:TOUR_OCC_NIM(1.0),26/11/24 11:00:00,Monthly,Total,Number,"Hotels; holiday and other short-stay accommodation; camping grounds, recreational vehicle parks and trailer parks",Denmark,2024-02,1652488,
ESTAT:TOUR_OCC_NIM(1.0),26/11/24 11:00:00,Monthly,Total,Number,"Hotels; holiday and other short-stay accommodation; camping grounds, recreational vehicle parks and trailer parks",Denmark,2024-03,2272788,
ESTAT:TOUR_OCC_NIM(1.0),26/11/24 11:00:00,Monthly,Total,Number,"Hotels; holiday and other short-stay accommodation; camping grounds, recreational vehicle parks and trailer parks",Denmark,2024-04,2813991,
ESTAT:TOUR_OCC_NIM(1.0),26/11/24 11:00:00,Monthly,Total,Number,"Hotels; holiday and other short-stay accommodation; camping grounds, recreational vehicle parks and trailer parks",Denmark,2024-05,3953644,
ESTAT:TOUR_OCC_NIM(1.0),26/11/24 11:00:00,Monthly,Total,Number,"Hotels; holiday and other short-stay accommodation; camping grounds, recreational vehicle parks and trailer parks",Denmark,2024-06,4216274,
ESTAT:TOUR_OCC_NIM(1.0),26/11/24 11:00:00,Monthly,Total,Number,"Hotels; holiday and other short-stay accommodation; camping grounds, recreational vehicle parks and trailer parks",Denmark,2024-07,7160548,
ESTAT:TOUR_OCC_NIM(1.0),26/11/24 11:00:00,Monthly,Total,Number,"Hotels; holiday and other short-stay accommodation; camping grounds, recreational vehicle parks and trailer parks",Denmark,2024-08,5930950,
ESTAT:TOUR_OCC_NIM(1.0),26/11/24 11:00:00,Monthly,Total,Number,"Hotels; holiday and other short-stay accommodation; camping grounds, recreational vehicle parks and trailer parks",Denmark,2024-09,3502692,
ESTAT:TOUR_OCC_NIM(1.0),26/11/24 11:00:00,Monthly,Total,Number,"Hotels; holiday and other short-stay accommodation; camping grounds, recreational vehicle parks and trailer parks","Euro area (EA11-1999, EA12-2001, EA13-2007, EA15-2008, EA16-2009, EA17-2011, EA18-2014, EA19-2015, EA20-2023)",2023-12,126177653,
ESTAT:TOUR_OCC_NIM(1.0),26/11/24 11:00:00,Monthly,Total,Number,"Hotels; holiday and other short-stay accommodation; camping grounds, recreational vehicle parks and trailer parks","Euro area (EA11-1999, EA12-2001, EA13-2007, EA15-2008, EA16-2009, EA17-2011, EA18-2014, EA19-2015, EA20-2023)",2024-01,116524231,
ESTAT:TOUR_OCC_NIM(1.0),26/11/24 11:00:00,Monthly,Total,Number,"Hotels; holiday and other short-stay accommodation; camping grounds, recreational vehicle parks and trailer parks","Euro area (EA11-1999, EA12-2001, EA13-2007, EA15-2008, EA16-2009, EA17-2011, EA18-2014, EA19-2015, EA20-2023)",2024-02,129484925,
ESTAT:TOUR_OCC_NIM(1.0),26/11/24 11:00:00,Monthly,Total,Number,"Hotels; holiday and other short-stay accommodation; camping grounds, recreational vehicle parks and trailer parks","Euro area (EA11-1999, EA12-2001, EA13-2007, EA15-2008, EA16-2009, EA17-2011, EA18-2014, EA19-2015, EA20-2023)",2024-03,149591377,
ESTAT:TOUR_OCC_NIM(1.0),26/11/24 11:00:00,Monthly,Total,Number,"Hotels; holiday and other short-stay accommodation; camping grounds, recreational vehicle parks and trailer parks","Euro area (EA11-1999, EA12-2001, EA13-2007, EA15-2008, EA16-2009, EA17-2011, EA18-2014, EA19-2015, EA20-2023)",2024-04,172868463,
ESTAT:TOUR_OCC_NIM(1.0),26/11/24 11:00:00,Monthly,Total,Number,"Hotels; holiday and other short-stay accommodation; camping grounds, recreational vehicle parks and trailer parks","Euro area (EA11-1999, EA12-2001, EA13-2007, EA15-2008, EA16-2009, EA17-2011, EA18-2014, EA19-2015, EA20-2023)",2024-05,242585425,
ESTAT:TOUR_OCC_NIM(1.0),26/11/24 11:00:00,Monthly,Total,Number,"Hotels; holiday and other short-stay accommodation; camping grounds, recreational vehicle parks and trailer parks","Euro area (EA11-1999, EA12-2001, EA13-2007, EA15-2008, EA16-2009, EA17-2011, EA18-2014, EA19-2015, EA20-2023)",2024-06,279588127,
ESTAT:TOUR_OCC_NIM(1.0),26/11/24 11:00:00,Monthly,Total,Number,"Hotels; holiday and other short-stay accommodation; camping grounds, recreational vehicle parks and trailer parks","Euro area (EA11-1999, EA12-2001, EA13-2007, EA15-2008, EA16-2009, EA17-2011, EA18-2014, EA19-2015, EA20-2023)",2024-07,393838591,
ESTAT:TOUR_OCC_NIM(1.0),26/11/24 11:00:00,Monthly,Total,Number,"Hotels; holiday and other short-stay accommodation; camping grounds, recreational vehicle parks and trailer parks","Euro area (EA11-1999, EA12-2001, EA13-2007, EA15-2008, EA16-2009, EA17-2011, EA18-2014, EA19-2015, EA20-2023)",2024-08,438712361,
ESTAT:TOUR_OCC_NIM(1.0),26/11/24 11:00:00,Monthly,Total,Number,"Hotels; holiday and other short-stay accommodation; camping grounds, recreational vehicle parks and trailer parks","Euro area (EA11-1999, EA12-2001, EA13-2007, EA15-2008, EA16-2009, EA17-2011, EA18-2014, EA19-2015, EA20-2023)",2024-09,270378225,
ESTAT:TOUR_OCC_NIM(1.0),26/11/24 11:00:00,Monthly,Total,Number,"Hotels; holiday and other short-stay accommodation; camping grounds, recreational vehicle parks and trailer parks",Euro area – 20 countries (from 2023),2023-12,126177653,
ESTAT:TOUR_OCC_NIM(1.0),26/11/24 11:00:00,Monthly,Total,Number,"Hotels; holiday and other short-stay accommodation; camping grounds, recreational vehicle parks and trailer parks",Euro area – 20 countries (from 2023),2024-01,116524231,
ESTAT:TOUR_OCC_NIM(1.0),26/11/24 11:00:00,Monthly,Total,Number,"Hotels; holiday and other short-stay accommodation; camping grounds, recreational vehicle parks and trailer parks",Euro area – 20 countries (from 2023),2024-02,129484925,
ESTAT:TOUR_OCC_NIM(1.0),26/11/24 11:00:00,Monthly,Total,Number,"Hotels; holiday and other short-stay accommodation; camping grounds, recreational vehicle parks and trailer parks",Euro area – 20 countries (from 2023),2024-03,149591377,
ESTAT:TOUR_OCC_NIM(1.0),26/11/24 11:00:00,Monthly,Total,Number,"Hotels; holiday and other short-stay accommodation; camping grounds, recreational vehicle parks and trailer parks",Euro area – 20 countries (from 2023),2024-04,172868463,
ESTAT:TOUR_OCC_NIM(1.0),26/11/24 11:00:00,Monthly,Total,Number,"Hotels; holiday and other short-stay accommodation; camping grounds, recreational vehicle parks and trailer parks",Euro area – 20 countries (from 2023),2024-05,242585425,
ESTAT:TOUR_OCC_NIM(1.0),26/11/24 11:00:00,Monthly,Total,Number,"Hotels; holiday and other short-stay accommodation; camping grounds, recreational vehicle parks and trailer parks",Euro area – 20 countries (from 2023),2024-06,279588127,
ESTAT:TOUR_OCC_NIM(1.0),26/11/24 11:00:00,Monthly,Total,Number,"Hotels; holiday and other short-stay accommodation; camping grounds, recreational vehicle parks and trailer parks",Euro area – 20 countries (from 2023),2024-07,393838591,
ESTAT:TOUR_OCC_NIM(1.0),26/11/24 11:00:00,Monthly,Total,Number,"Hotels; holiday and other short-stay accommodation; camping grounds, recreational vehicle parks and trailer parks",Euro area – 20 countries (from 2023),2024-08,438712361,
ESTAT:TOUR_OCC_NIM(1.0),26/11/24 11:00:00,Monthly,Total,Number,"Hotels; holiday and other short-stay accommodation; camping grounds, recreational vehicle parks and trailer parks",Euro area – 20 countries (from 2023),2024-09,270378225,
ESTAT:TOUR_OCC_NIM(1.0),26/11/24 11:00:00,Monthly,Total,Number,"Hotels; holiday and other short-stay accommodation; camping grounds, recreational vehicle parks and trailer parks",Estonia,2023-12,489072,
ESTAT:TOUR_OCC_NIM(1.0),26/11/24 11:00:00,Monthly,Total,Number,"Hotels; holiday and other short-stay accommodation; camping grounds, recreational vehicle parks and trailer parks",Estonia,2024-01,354167,
ESTAT:TOUR_OCC_NIM(1.0),26/11/24 11:00:00,Monthly,Total,Number,"Hotels; holiday and other short-stay accommodation; camping grounds, recreational vehicle parks and trailer parks",Estonia,2024-02,409206,
ESTAT:TOUR_OCC_NIM(1.0),26/11/24 11:00:00,Monthly,Total,Number,"Hotels; holiday and other short-stay accommodation; camping grounds, recreational vehicle parks and trailer parks",Estonia,2024-03,435921,
ESTAT:TOUR_OCC_NIM(1.0),26/11/24 11:00:00,Monthly,Total,Number,"Hotels; holiday and other short-stay accommodation; camping grounds, recreational vehicle parks and trailer parks",Estonia,2024-04,432476,
ESTAT:TOUR_OCC_NIM(1.0),26/11/24 11:00:00,Monthly,Total,Number,"Hotels; holiday and other short-stay accommodation; camping grounds, recreational vehicle parks and trailer parks",Estonia,2024-05,542874,
ESTAT:TOUR_OCC_NIM(1.0),26/11/24 11:00:00,Monthly,Total,Number,"Hotels; holiday and other short-stay accommodation; camping grounds, recreational vehicle parks and trailer parks",Estonia,2024-06,693081,
ESTAT:TOUR_OCC_NIM(1.0),26/11/24 11:00:00,Monthly,Total,Number,"Hotels; holiday and other short-stay accommodation; camping grounds, recreational vehicle parks and trailer parks",Estonia,2024-07,960083,
ESTAT:TOUR_OCC_NIM(1.0),26/11/24 11:00:00,Monthly,Total,Number,"Hotels; holiday and other short-stay accommodation; camping grounds, recreational vehicle parks and trailer parks",Estonia,2024-08,821443,
ESTAT:TOUR_OCC_NIM(1.0),26/11/24 11:00:00,Monthly,Total,Number,"Hotels; holiday and other short-stay accommodation; camping grounds, recreational vehicle parks and trailer parks",Estonia,2024-09,513359,
ESTAT:TOUR_OCC_NIM(1.0),26/11/24 11:00:00,Monthly,Total,Number,"Hotels; holiday and other short-stay accommodation; camping grounds, recreational vehicle parks and trailer parks",Greece,2023-12,2135574,
ESTAT:TOUR_OCC_NIM(1.0),26/11/24 11:00:00,Monthly,Total,Number,"Hotels; holiday and other short-stay accommodation; camping grounds, recreational vehicle parks and trailer parks",Greece,2024-01,1613804,e
ESTAT:TOUR_OCC_NIM(1.0),26/11/24 11:00:00,Monthly,Total,Number,"Hotels; holiday and other short-stay accommodation; camping grounds, recreational vehicle parks and trailer parks",Greece,2024-02,1677685,e
ESTAT:TOUR_OCC_NIM(1.0),26/11/24 11:00:00,Monthly,Total,Number,"Hotels; holiday and other short-stay accommodation; camping grounds, recreational vehicle parks and trailer parks",Greece,2024-03,2642364,e
ESTAT:TOUR_OCC_NIM(1.0),26/11/24 11:00:00,Monthly,Total,Number,"Hotels; holiday and other short-stay accommodation; camping grounds, recreational vehicle parks and trailer parks",Greece,2024-04,6759350,e
ESTAT:TOUR_OCC_NIM(1.0),26/11/24 11:00:00,Monthly,Total,Number,"Hotels; holiday and other short-stay accommodation; camping grounds, recreational vehicle parks and trailer parks",Greece,2024-05,15012287,e
ESTAT:TOUR_OCC_NIM(1.0),26/11/24 11:00:00,Monthly,Total,Number,"Hotels; holiday and other short-stay accommodation; camping grounds, recreational vehicle parks and trailer parks",Greece,2024-06,23128841,e
ESTAT:TOUR_OCC_NIM(1.0),26/11/24 11:00:00,Monthly,Total,Number,"Hotels; holiday and other short-stay accommodation; camping grounds, recreational vehicle parks and trailer parks",Greece,2024-07,30309545,e
ESTAT:TOUR_OCC_NIM(1.0),26/11/24 11:00:00,Monthly,Total,Number,"Hotels; holiday and other short-stay accommodation; camping grounds, recreational vehicle parks and trailer parks",Greece,2024-08,32810019,e
ESTAT:TOUR_OCC_NIM(1.0),26/11/24 11:00:00,Monthly,Total,Number,"Hotels; holiday and other short-stay accommodation; camping grounds, recreational vehicle parks and trailer parks",Greece,2024-09,22971551,e
ESTAT:TOUR_OCC_NIM(1.0),26/11/24 11:00:00,Monthly,Total,Number,"Hotels; holiday and other short-stay accommodation; camping grounds, recreational vehicle parks and trailer parks",Spain,2023-12,25026456,
ESTAT:TOUR_OCC_NIM(1.0),26/11/24 11:00:00,Monthly,Total,Number,"Hotels; holiday and other short-stay accommodation; camping grounds, recreational vehicle parks and trailer parks",Spain,2024-01,22721894,
ESTAT:TOUR_OCC_NIM(1.0),26/11/24 11:00:00,Monthly,Total,Number,"Hotels; holiday and other short-stay accommodation; camping grounds, recreational vehicle parks and trailer parks",Spain,2024-02,25260000,
ESTAT:TOUR_OCC_NIM(1.0),26/11/24 11:00:00,Monthly,Total,Number,"Hotels; holiday and other short-stay accommodation; camping grounds, recreational vehicle parks and trailer parks",Spain,2024-03,27633894,
ESTAT:TOUR_OCC_NIM(1.0),26/11/24 11:00:00,Monthly,Total,Number,"Hotels; holiday and other short-stay accommodation; camping grounds, recreational vehicle parks and trailer parks",Spain,2024-04,36151983,
ESTAT:TOUR_OCC_NIM(1.0),26/11/24 11:00:00,Monthly,Total,Number,"Hotels; holiday and other short-stay accommodation; camping grounds, recreational vehicle parks and trailer parks",Spain,2024-05,47267398,
ESTAT:TOUR_OCC_NIM(1.0),26/11/24 11:00:00,Monthly,Total,Number,"Hotels; holiday and other short-stay accommodation; camping grounds, recreational vehicle parks and trailer parks",Spain,2024-06,52404672,
ESTAT:TOUR_OCC_NIM(1.0),26/11/24 11:00:00,Monthly,Total,Number,"Hotels; holiday and other short-stay accommodation; camping grounds, recreational vehicle parks and trailer parks",Spain,2024-07,65741642,
ESTAT:TOUR_OCC_NIM(1.0),26/11/24 11:00:00,Monthly,Total,Number,"Hotels; holiday and other short-stay accommodation; camping grounds, recreational vehicle parks and trailer parks",Spain,2024-08,74094964,
ESTAT:TOUR_OCC_NIM(1.0),26/11/24 11:00:00,Monthly,Total,Number,"Hotels; holiday and other short-stay accommodation; camping grounds, recreational vehicle parks and trailer parks",Spain,2024-09,53039534,
ESTAT:TOUR_OCC_NIM(1.0),26/11/24 11:00:00,Monthly,Total,Number,"Hotels; holiday and other short-stay accommodation; camping grounds, recreational vehicle parks and trailer parks",European Union - 27 countries (from 2020),2023-12,144980393,
ESTAT:TOUR_OCC_NIM(1.0),26/11/24 11:00:00,Monthly,Total,Number,"Hotels; holiday and other short-stay accommodation; camping grounds, recreational vehicle parks and trailer parks",European Union - 27 countries (from 2020),2024-01,133847187,
ESTAT:TOUR_OCC_NIM(1.0),26/11/24 11:00:00,Monthly,Total,Number,"Hotels; holiday and other short-stay accommodation; camping grounds, recreational vehicle parks and trailer parks",European Union - 27 countries (from 2020),2024-02,148870536,
ESTAT:TOUR_OCC_NIM(1.0),26/11/24 11:00:00,Monthly,Total,Number,"Hotels; holiday and other short-stay accommodation; camping grounds, recreational vehicle parks and trailer parks",European Union - 27 countries (from 2020),2024-03,170168080,
ESTAT:TOUR_OCC_NIM(1.0),26/11/24 11:00:00,Monthly,Total,Number,"Hotels; holiday and other short-stay accommodation; camping grounds, recreational vehicle parks and trailer parks",European Union - 27 countries (from 2020),2024-04,194032325,
ESTAT:TOUR_OCC_NIM(1.0),26/11/24 11:00:00,Monthly,Total,Number,"Hotels; holiday and other short-stay accommodation; camping grounds, recreational vehicle parks and trailer parks",European Union - 27 countries (from 2020),2024-05,271494524,
ESTAT:TOUR_OCC_NIM(1.0),26/11/24 11:00:00,Monthly,Total,Number,"Hotels; holiday and other short-stay accommodation; camping grounds, recreational vehicle parks and trailer parks",European Union - 27 countries (from 2020),2024-06,314830226,
ESTAT:TOUR_OCC_NIM(1.0),26/11/24 11:00:00,Monthly,Total,Number,"Hotels; holiday and other short-stay accommodation; camping grounds, recreational vehicle parks and trailer parks",European Union - 27 countries (from 2020),2024-07,450107823,
ESTAT:TOUR_OCC_NIM(1.0),26/11/24 11:00:00,Monthly,Total,Number,"Hotels; holiday and other short-stay accommodation; camping grounds, recreational vehicle parks and trailer parks",European Union - 27 countries (from 2020),2024-08,491425110,
ESTAT:TOUR_OCC_NIM(1.0),26/11/24 11:00:00,Monthly,Total,Number,"Hotels; holiday and other short-stay accommodation; camping grounds, recreational vehicle parks and trailer parks",European Union - 27 countries (from 2020),2024-09,300523016,
ESTAT:TOUR_OCC_NIM(1.0),26/11/24 11:00:00,Monthly,Total,Number,"Hotels; holiday and other short-stay accommodation; camping grounds, recreational vehicle parks and trailer parks",Finland,2023-12,1807433,
ESTAT:TOUR_OCC_NIM(1.0),26/11/24 11:00:00,Monthly,Total,Number,"Hotels; holiday and other short-stay accommodation; camping grounds, recreational vehicle parks and trailer parks",Finland,2024-01,1521847,
ESTAT:TOUR_OCC_NIM(1.0),26/11/24 11:00:00,Monthly,Total,Number,"Hotels; holiday and other short-stay accommodation; camping grounds, recreational vehicle parks and trailer parks",Finland,2024-02,1853150,
ESTAT:TOUR_OCC_NIM(1.0),26/11/24 11:00:00,Monthly,Total,Number,"Hotels; holiday and other short-stay accommodation; camping grounds, recreational vehicle parks and trailer parks",Finland,2024-03,1921462,
ESTAT:TOUR_OCC_NIM(1.0),26/11/24 11:00:00,Monthly,Total,Number,"Hotels; holiday and other short-stay accommodation; camping grounds, recreational vehicle parks and trailer parks",Finland,2024-04,1461324,
ESTAT:TOUR_OCC_NIM(1.0),26/11/24 11:00:00,Monthly,Total,Number,"Hotels; holiday and other short-stay accommodation; camping grounds, recreational vehicle parks and trailer parks",Finland,2024-05,1525059,
ESTAT:TOUR_OCC_NIM(1.0),26/11/24 11:00:00,Monthly,Total,Number,"Hotels; holiday and other short-stay accommodation; camping grounds, recreational vehicle parks and trailer parks",Finland,2024-06,2314179,
ESTAT:TOUR_OCC_NIM(1.0),26/11/24 11:00:00,Monthly,Total,Number,"Hotels; holiday and other short-stay accommodation; camping grounds, recreational vehicle parks and trailer parks",Finland,2024-07,3225066,
ESTAT:TOUR_OCC_NIM(1.0),26/11/24 11:00:00,Monthly,Total,Number,"Hotels; holiday and other short-stay accommodation; camping grounds, recreational vehicle parks and trailer parks",Finland,2024-08,2316642,
ESTAT:TOUR_OCC_NIM(1.0),26/11/24 11:00:00,Monthly,Total,Number,"Hotels; holiday and other short-stay accommodation; camping grounds, recreational vehicle parks and trailer parks",Finland,2024-09,1721380,
ESTAT:TOUR_OCC_NIM(1.0),26/11/24 11:00:00,Monthly,Total,Number,"Hotels; holiday and other short-stay accommodation; camping grounds, recreational vehicle parks and trailer parks",France,2023-12,20511169,e
ESTAT:TOUR_OCC_NIM(1.0),26/11/24 11:00:00,Monthly,Total,Number,"Hotels; holiday and other short-stay accommodation; camping grounds, recreational vehicle parks and trailer parks",France,2024-01,19836966,e
ESTAT:TOUR_OCC_NIM(1.0),26/11/24 11:00:00,Monthly,Total,Number,"Hotels; holiday and other short-stay accommodation; camping grounds, recreational vehicle parks and trailer parks",France,2024-02,21481879,e
ESTAT:TOUR_OCC_NIM(1.0),26/11/24 11:00:00,Monthly,Total,Number,"Hotels; holiday and other short-stay accommodation; camping grounds, recreational vehicle parks and trailer parks",France,2024-03,24813999,e
ESTAT:TOUR_OCC_NIM(1.0),26/11/24 11:00:00,Monthly,Total,Number,"Hotels; holiday and other short-stay accommodation; camping grounds, recreational vehicle parks and trailer parks",France,2024-04,31529766,
ESTAT:TOUR_OCC_NIM(1.0),26/11/24 11:00:00,Monthly,Total,Number,"Hotels; holiday and other short-stay accommodation; camping grounds, recreational vehicle parks and trailer parks",France,2024-05,41397348,
ESTAT:TOUR_OCC_NIM(1.0),26/11/24 11:00:00,Monthly,Total,Number,"Hotels; holiday and other short-stay accommodation; camping grounds, recreational vehicle parks and trailer parks",France,2024-06,42690959,
ESTAT:TOUR_OCC_NIM(1.0),26/11/24 11:00:00,Monthly,Total,Number,"Hotels; holiday and other short-stay accommodation; camping grounds, recreational vehicle parks and trailer parks",France,2024-07,74383540,
ESTAT:TOUR_OCC_NIM(1.0),26/11/24 11:00:00,Monthly,Total,Number,"Hotels; holiday and other short-stay accommodation; camping grounds, recreational vehicle parks and trailer parks",France,2024-08,90165531,
ESTAT:TOUR_OCC_NIM(1.0),26/11/24 11:00:00,Monthly,Total,Number,"Hotels; holiday and other short-stay accommodation; camping grounds, recreational vehicle parks and trailer parks",France,2024-09,40332657,e
ESTAT:TOUR_OCC_NIM(1.0),26/11/24 11:00:00,Monthly,Total,Number,"Hotels; holiday and other short-stay accommodation; camping grounds, recreational vehicle parks and trailer parks",Croatia,2023-12,839104,
ESTAT:TOUR_OCC_NIM(1.0),26/11/24 11:00:00,Monthly,Total,Number,"Hotels; holiday and other short-stay accommodation; camping grounds, recreational vehicle parks and trailer parks",Croatia,2024-01,594306,
ESTAT:TOUR_OCC_NIM(1.0),26/11/24 11:00:00,Monthly,Total,Number,"Hotels; holiday and other short-stay accommodation; camping grounds, recreational vehicle parks and trailer parks",Croatia,2024-02,702884,
ESTAT:TOUR_OCC_NIM(1.0),26/11/24 11:00:00,Monthly,Total,Number,"Hotels; holiday and other short-stay accommodation; camping grounds, recreational vehicle parks and trailer parks",Croatia,2024-03,1321372,
ESTAT:TOUR_OCC_NIM(1.0),26/11/24 11:00:00,Monthly,Total,Number,"Hotels; holiday and other short-stay accommodation; camping grounds, recreational vehicle parks and trailer parks",Croatia,2024-04,2774105,
ESTAT:TOUR_OCC_NIM(1.0),26/11/24 11:00:00,Monthly,Total,Number,"Hotels; holiday and other short-stay accommodation; camping grounds, recreational vehicle parks and trailer parks",Croatia,2024-05,6902834,
ESTAT:TOUR_OCC_NIM(1.0),26/11/24 11:00:00,Monthly,Total,Number,"Hotels; holiday and other short-stay accommodation; camping grounds, recreational vehicle parks and trailer parks",Croatia,2024-06,12520177,
ESTAT:TOUR_OCC_NIM(1.0),26/11/24 11:00:00,Monthly,Total,Number,"Hotels; holiday and other short-stay accommodation; camping grounds, recreational vehicle parks and trailer parks",Croatia,2024-07,25159829,
ESTAT:TOUR_OCC_NIM(1.0),26/11/24 11:00:00,Monthly,Total,Number,"Hotels; holiday and other short-stay accommodation; camping grounds, recreational vehicle parks and trailer parks",Croatia,2024-08,27171764,
ESTAT:TOUR_OCC_NIM(1.0),26/11/24 11:00:00,Monthly,Total,Number,"Hotels; holiday and other short-stay accommodation; camping grounds, recreational vehicle parks and trailer parks",Croatia,2024-09,11177605,
ESTAT:TOUR_OCC_NIM(1.0),26/11/24 11:00:00,Monthly,Total,Number,"Hotels; holiday and other short-stay accommodation; camping grounds, recreational vehicle parks and trailer parks",Hungary,2023-12,2004236,
ESTAT:TOUR_OCC_NIM(1.0),26/11/24 11:00:00,Monthly,Total,Number,"Hotels; holiday and other short-stay accommodation; camping grounds, recreational vehicle parks and trailer parks",Hungary,2024-01,1610937,
ESTAT:TOUR_OCC_NIM(1.0),26/11/24 11:00:00,Monthly,Total,Number,"Hotels; holiday and other short-stay accommodation; camping grounds, recreational vehicle parks and trailer parks",Hungary,2024-02,1658396,
ESTAT:TOUR_OCC_NIM(1.0),26/11/24 11:00:00,Monthly,Total,Number,"Hotels; holiday and other short-stay accommodation; camping grounds, recreational vehicle parks and trailer parks",Hungary,2024-03,2016953,
ESTAT:TOUR_OCC_NIM(1.0),26/11/24 11:00:00,Monthly,Total,Number,"Hotels; holiday and other short-stay accommodation; camping grounds, recreational vehicle parks and trailer parks",Hungary,2024-04,2109544,
ESTAT:TOUR_OCC_NIM(1.0),26/11/24 11:00:00,Monthly,Total,Number,"Hotels; holiday and other short-stay accommodation; camping grounds, recreational vehicle parks and trailer parks",Hungary,2024-05,2690987,
ESTAT:TOUR_OCC_NIM(1.0),26/11/24 11:00:00,Monthly,Total,Number,"Hotels; holiday and other short-stay accommodation; camping grounds, recreational vehicle parks and trailer parks",Hungary,2024-06,3061630,
ESTAT:TOUR_OCC_NIM(1.0),26/11/24 11:00:00,Monthly,Total,Number,"Hotels; holiday and other short-stay accommodation; camping grounds, recreational vehicle parks and trailer parks",Hungary,2024-07,4496044,
ESTAT:TOUR_OCC_NIM(1.0),26/11/24 11:00:00,Monthly,Total,Number,"Hotels; holiday and other short-stay accommodation; camping grounds, recreational vehicle parks and trailer parks",Hungary,2024-08,4680138,
ESTAT:TOUR_OCC_NIM(1.0),26/11/24 11:00:00,Monthly,Total,Number,"Hotels; holiday and other short-stay accommodation; camping grounds, recreational vehicle parks and trailer parks",Hungary,2024-09,2623771,
ESTAT:TOUR_OCC_NIM(1.0),26/11/24 11:00:00,Monthly,Total,Number,"Hotels; holiday and other short-stay accommodation; camping grounds, recreational vehicle parks and trailer parks",Ireland,2023-12,2860387,e
ESTAT:TOUR_OCC_NIM(1.0),26/11/24 11:00:00,Monthly,Total,Number,"Hotels; holiday and other short-stay accommodation; camping grounds, recreational vehicle parks and trailer parks",Ireland,2024-01,1677529,e
ESTAT:TOUR_OCC_NIM(1.0),26/11/24 11:00:00,Monthly,Total,Number,"Hotels; holiday and other short-stay accommodation; camping grounds, recreational vehicle parks and trailer parks",Ireland,2024-02,1958624,e
ESTAT:TOUR_OCC_NIM(1.0),26/11/24 11:00:00,Monthly,Total,Number,"Hotels; holiday and other short-stay accommodation; camping grounds, recreational vehicle parks and trailer parks",Ireland,2024-03,2701190,e
ESTAT:TOUR_OCC_NIM(1.0),26/11/24 11:00:00,Monthly,Total,Number,"Hotels; holiday and other short-stay accommodation; camping grounds, recreational vehicle parks and trailer parks",Ireland,2024-04,2781306,e
ESTAT:TOUR_OCC_NIM(1.0),26/11/24 11:00:00,Monthly,Total,Number,"Hotels; holiday and other short-stay accommodation; camping grounds, recreational vehicle parks and trailer parks",Ireland,2024-05,3677175,e
ESTAT:TOUR_OCC_NIM(1.0),26/11/24 11:00:00,Monthly,Total,Number,"Hotels; holiday and other short-stay accommodation; camping grounds, recreational vehicle parks and trailer parks",Ireland,2024-06,5004189,e
ESTAT:TOUR_OCC_NIM(1.0),26/11/24 11:00:00,Monthly,Total,Number,"Hotels; holiday and other short-stay accommodation; camping grounds, recreational vehicle parks and trailer parks",Ireland,2024-07,5134411,u
ESTAT:TOUR_OCC_NIM(1.0),26/11/24 11:00:00,Monthly,Total,Number,"Hotels; holiday and other short-stay accommodation; camping grounds, recreational vehicle parks and trailer parks",Ireland,2024-08,6841969,u
ESTAT:TOUR_OCC_NIM(1.0),26/11/24 11:00:00,Monthly,Total,Number,"Hotels; holiday and other short-stay accommodation; camping grounds, recreational vehicle parks and trailer parks",Ireland,2024-09,3781949,u
ESTAT:TOUR_OCC_NIM(1.0),26/11/24 11:00:00,Monthly,Total,Number,"Hotels; holiday and other short-stay accommodation; camping grounds, recreational vehicle parks and trailer parks",Iceland,2023-12,404743,
ESTAT:TOUR_OCC_NIM(1.0),26/11/24 11:00:00,Monthly,Total,Number,"Hotels; holiday and other short-stay accommodation; camping grounds, recreational vehicle parks and trailer parks",Iceland,2024-01,389762,e
ESTAT:TOUR_OCC_NIM(1.0),26/11/24 11:00:00,Monthly,Total,Number,"Hotels; holiday and other short-stay accommodation; camping grounds, recreational vehicle parks and trailer parks",Iceland,2024-02,560817,e
ESTAT:TOUR_OCC_NIM(1.0),26/11/24 11:00:00,Monthly,Total,Number,"Hotels; holiday and other short-stay accommodation; camping grounds, recreational vehicle parks and trailer parks",Iceland,2024-03,649031,e
ESTAT:TOUR_OCC_NIM(1.0),26/11/24 11:00:00,Monthly,Total,Number,"Hotels; holiday and other short-stay accommodation; camping grounds, recreational vehicle parks and trailer parks",Iceland,2024-04,490865,e
ESTAT:TOUR_OCC_NIM(1.0),26/11/24 11:00:00,Monthly,Total,Number,"Hotels; holiday and other short-stay accommodation; camping grounds, recreational vehicle parks and trailer parks",Iceland,2024-05,611347,e
ESTAT:TOUR_OCC_NIM(1.0),26/11/24 11:00:00,Monthly,Total,Number,"Hotels; holiday and other short-stay accommodation; camping grounds, recreational vehicle parks and trailer parks",Iceland,2024-06,1099820,e
ESTAT:TOUR_OCC_NIM(1.0),26/11/24 11:00:00,Monthly,Total,Number,"Hotels; holiday and other short-stay accommodation; camping grounds, recreational vehicle parks and trailer parks",Iceland,2024-07,1506188,e
ESTAT:TOUR_OCC_NIM(1.0),26/11/24 11:00:00,Monthly,Total,Number,"Hotels; holiday and other short-stay accommodation; camping grounds, recreational vehicle parks and trailer parks",Iceland,2024-08,1442101,e
ESTAT:TOUR_OCC_NIM(1.0),26/11/24 11:00:00,Monthly,Total,Number,"Hotels; holiday and other short-stay accommodation; camping grounds, recreational vehicle parks and trailer parks",Iceland,2024-09,1017188,e
ESTAT:TOUR_OCC_NIM(1.0),26/11/24 11:00:00,Monthly,Total,Number,"Hotels; holiday and other short-stay accommodation; camping grounds, recreational vehicle parks and trailer parks",Italy,2023-12,18949630,
ESTAT:TOUR_OCC_NIM(1.0),26/11/24 11:00:00,Monthly,Total,Number,"Hotels; holiday and other short-stay accommodation; camping grounds, recreational vehicle parks and trailer parks",Italy,2024-01,18371244,
ESTAT:TOUR_OCC_NIM(1.0),26/11/24 11:00:00,Monthly,Total,Number,"Hotels; holiday and other short-stay accommodation; camping grounds, recreational vehicle parks and trailer parks",Italy,2024-02,19818236,
ESTAT:TOUR_OCC_NIM(1.0),26/11/24 11:00:00,Monthly,Total,Number,"Hotels; holiday and other short-stay accommodation; camping grounds, recreational vehicle parks and trailer parks",Italy,2024-03,23090715,
ESTAT:TOUR_OCC_NIM(1.0),26/11/24 11:00:00,Monthly,Total,Number,"Hotels; holiday and other short-stay accommodation; camping grounds, recreational vehicle parks and trailer parks",Italy,2024-04,25733698,
ESTAT:TOUR_OCC_NIM(1.0),26/11/24 11:00:00,Monthly,Total,Number,"Hotels; holiday and other short-stay accommodation; camping grounds, recreational vehicle parks and trailer parks",Italy,2024-05,38642212,
ESTAT:TOUR_OCC_NIM(1.0),26/11/24 11:00:00,Monthly,Total,Number,"Hotels; holiday and other short-stay accommodation; camping grounds, recreational vehicle parks and trailer parks",Italy,2024-06,52267897,
ESTAT:TOUR_OCC_NIM(1.0),26/11/24 11:00:00,Monthly,Total,Number,"Hotels; holiday and other short-stay accommodation; camping grounds, recreational vehicle parks and trailer parks",Italy,2024-07,74682834,
ESTAT:TOUR_OCC_NIM(1.0),26/11/24 11:00:00,Monthly,Total,Number,"Hotels; holiday and other short-stay accommodation; camping grounds, recreational vehicle parks and trailer parks",Italy,2024-08,81060417,
ESTAT:TOUR_OCC_NIM(1.0),26/11/24 11:00:00,Monthly,Total,Number,"Hotels; holiday and other short-stay accommodation; camping grounds, recreational vehicle parks and trailer parks",Italy,2024-09,49155881,
ESTAT:TOUR_OCC_NIM(1.0),26/11/24 11:00:00,Monthly,Total,Number,"Hotels; holiday and other short-stay accommodation; camping grounds, recreational vehicle parks and trailer parks",Liechtenstein,2023-12,13141,
ESTAT:TOUR_OCC_NIM(1.0),26/11/24 11:00:00,Monthly,Total,Number,"Hotels; holiday and other short-stay accommodation; camping grounds, recreational vehicle parks and trailer parks",Liechtenstein,2024-01,16277,
ESTAT:TOUR_OCC_NIM(1.0),26/11/24 11:00:00,Monthly,Total,Number,"Hotels; holiday and other short-stay accommodation; camping grounds, recreational vehicle parks and trailer parks",Liechtenstein,2024-02,19827,
ESTAT:TOUR_OCC_NIM(1.0),26/11/24 11:00:00,Monthly,Total,Number,"Hotels; holiday and other short-stay accommodation; camping grounds, recreational vehicle parks and trailer parks",Liechtenstein,2024-03,17541,
ESTAT:TOUR_OCC_NIM(1.0),26/11/24 11:00:00,Monthly,Total,Number,"Hotels; holiday and other short-stay accommodation; camping grounds, recreational vehicle parks and trailer parks",Liechtenstein,2024-04,12096,
ESTAT:TOUR_OCC_NIM(1.0),26/11/24 11:00:00,Monthly,Total,Number,"Hotels; holiday and other short-stay accommodation; camping grounds, recreational vehicle parks and trailer parks",Liechtenstein,2024-05,17403,
ESTAT:TOUR_OCC_NIM(1.0),26/11/24 11:00:00,Monthly,Total,Number,"Hotels; holiday and other short-stay accommodation; camping grounds, recreational vehicle parks and trailer parks",Liechtenstein,2024-06,20342,
ESTAT:TOUR_OCC_NIM(1.0),26/11/24 11:00:00,Monthly,Total,Number,"Hotels; holiday and other short-stay accommodation; camping grounds, recreational vehicle parks and trailer parks",Liechtenstein,2024-07,29356,
ESTAT:TOUR_OCC_NIM(1.0),26/11/24 11:00:00,Monthly,Total,Number,"Hotels; holiday and other short-stay accommodation; camping grounds, recreational vehicle parks and trailer parks",Liechtenstein,2024-08,29997,
ESTAT:TOUR_OCC_NIM(1.0),26/11/24 11:00:00,Monthly,Total,Number,"Hotels; holiday and other short-stay accommodation; camping grounds, recreational vehicle parks and trailer parks",Liechtenstein,2024-09,20043,
ESTAT:TOUR_OCC_NIM(1.0),26/11/24 11:00:00,Monthly,Total,Number,"Hotels; holiday and other short-stay accommodation; camping grounds, recreational vehicle parks and trailer parks",Lithuania,2023-12,548268,
ESTAT:TOUR_OCC_NIM(1.0),26/11/24 11:00:00,Monthly,Total,Number,"Hotels; holiday and other short-stay accommodation; camping grounds, recreational vehicle parks and trailer parks",Lithuania,2024-01,468132,
ESTAT:TOUR_OCC_NIM(1.0),26/11/24 11:00:00,Monthly,Total,Number,"Hotels; holiday and other short-stay accommodation; camping grounds, recreational vehicle parks and trailer parks",Lithuania,2024-02,470218,
ESTAT:TOUR_OCC_NIM(1.0),26/11/24 11:00:00,Monthly,Total,Number,"Hotels; holiday and other short-stay accommodation; camping grounds, recreational vehicle parks and trailer parks",Lithuania,2024-03,549756,
ESTAT:TOUR_OCC_NIM(1.0),26/11/24 11:00:00,Monthly,Total,Number,"Hotels; holiday and other short-stay accommodation; camping grounds, recreational vehicle parks and trailer parks",Lithuania,2024-04,573565,
ESTAT:TOUR_OCC_NIM(1.0),26/11/24 11:00:00,Monthly,Total,Number,"Hotels; holiday and other short-stay accommodation; camping grounds, recreational vehicle parks and trailer parks",Lithuania,2024-05,708578,
ESTAT:TOUR_OCC_NIM(1.0),26/11/24 11:00:00,Monthly,Total,Number,"Hotels; holiday and other short-stay accommodation; camping grounds, recreational vehicle parks and trailer parks",Lithuania,2024-06,922010,
ESTAT:TOUR_OCC_NIM(1.0),26/11/24 11:00:00,Monthly,Total,Number,"Hotels; holiday and other short-stay accommodation; camping grounds, recreational vehicle parks and trailer parks",Lithuania,2024-07,1179929,
ESTAT:TOUR_OCC_NIM(1.0),26/11/24 11:00:00,Monthly,Total,Number,"Hotels; holiday and other short-stay accommodation; camping grounds, recreational vehicle parks and trailer parks",Lithuania,2024-08,1212273,
ESTAT:TOUR_OCC_NIM(1.0),26/11/24 11:00:00,Monthly,Total,Number,"Hotels; holiday and other short-stay accommodation; camping grounds, recreational vehicle parks and trailer parks",Lithuania,2024-09,731400,
ESTAT:TOUR_OCC_NIM(1.0),26/11/24 11:00:00,Monthly,Total,Number,"Hotels; holiday and other short-stay accommodation; camping grounds, recreational vehicle parks and trailer parks",Luxembourg,2023-12,142399,
ESTAT:TOUR_OCC_NIM(1.0),26/11/24 11:00:00,Monthly,Total,Number,"Hotels; holiday and other short-stay accommodation; camping grounds, recreational vehicle parks and trailer parks",Luxembourg,2024-01,126397,
ESTAT:TOUR_OCC_NIM(1.0),26/11/24 11:00:00,Monthly,Total,Number,"Hotels; holiday and other short-stay accommodation; camping grounds, recreational vehicle parks and trailer parks",Luxembourg,2024-02,148180,
ESTAT:TOUR_OCC_NIM(1.0),26/11/24 11:00:00,Monthly,Total,Number,"Hotels; holiday and other short-stay accommodation; camping grounds, recreational vehicle parks and trailer parks",Luxembourg,2024-03,169169,
ESTAT:TOUR_OCC_NIM(1.0),26/11/24 11:00:00,Monthly,Total,Number,"Hotels; holiday and other short-stay accommodation; camping grounds, recreational vehicle parks and trailer parks",Luxembourg,2024-04,270625,
ESTAT:TOUR_OCC_NIM(1.0),26/11/24 11:00:00,Monthly,Total,Number,"Hotels; holiday and other short-stay accommodation; camping grounds, recreational vehicle parks and trailer parks",Luxembourg,2024-05,373991,
ESTAT:TOUR_OCC_NIM(1.0),26/11/24 11:00:00,Monthly,Total,Number,"Hotels; holiday and other short-stay accommodation; camping grounds, recreational vehicle parks and trailer parks",Luxembourg,2024-06,384008,
ESTAT:TOUR_OCC_NIM(1.0),26/11/24 11:00:00,Monthly,Total,Number,"Hotels; holiday and other short-stay accommodation; camping grounds, recreational vehicle parks and trailer parks",Luxembourg,2024-07,490880,
ESTAT:TOUR_OCC_NIM(1.0),26/11/24 11:00:00,Monthly,Total,Number,"Hotels; holiday and other short-stay accommodation; camping grounds, recreational vehicle parks and trailer parks",Luxembourg,2024-08,544770,
ESTAT:TOUR_OCC_NIM(1.0),26/11/24 11:00:00,Monthly,Total,Number,"Hotels; holiday and other short-stay accommodation; camping grounds, recreational vehicle parks and trailer parks",Luxembourg,2024-09,287527,
ESTAT:TOUR_OCC_NIM(1.0),26/11/24 11:00:00,Monthly,Total,Number,"Hotels; holiday and other short-stay accommodation; camping grounds, recreational vehicle parks and trailer parks",Latvia,2023-12,289958,
ESTAT:TOUR_OCC_NIM(1.0),26/11/24 11:00:00,Monthly,Total,Number,"Hotels; holiday and other short-stay accommodation; camping grounds, recreational vehicle parks and trailer parks",Latvia,2024-01,217624,
ESTAT:TOUR_OCC_NIM(1.0),26/11/24 11:00:00,Monthly,Total,Number,"Hotels; holiday and other short-stay accommodation; camping grounds, recreational vehicle parks and trailer parks",Latvia,2024-02,227077,
ESTAT:TOUR_OCC_NIM(1.0),26/11/24 11:00:00,Monthly,Total,Number,"Hotels; holiday and other short-stay accommodation; camping grounds, recreational vehicle parks and trailer parks",Latvia,2024-03,279800,
ESTAT:TOUR_OCC_NIM(1.0),26/11/24 11:00:00,Monthly,Total,Number,"Hotels; holiday and other short-stay accommodation; camping grounds, recreational vehicle parks and trailer parks",Latvia,2024-04,305362,
ESTAT:TOUR_OCC_NIM(1.0),26/11/24 11:00:00,Monthly,Total,Number,"Hotels; holiday and other short-stay accommodation; camping grounds, recreational vehicle parks and trailer parks",Latvia,2024-05,385495,
ESTAT:TOUR_OCC_NIM(1.0),26/11/24 11:00:00,Monthly,Total,Number,"Hotels; holiday and other short-stay accommodation; camping grounds, recreational vehicle parks and trailer parks",Latvia,2024-06,513256,
ESTAT:TOUR_OCC_NIM(1.0),26/11/24 11:00:00,Monthly,Total,Number,"Hotels; holiday and other short-stay accommodation; camping grounds, recreational vehicle parks and trailer parks",Latvia,2024-07,719142,
ESTAT:TOUR_OCC_NIM(1.0),26/11/24 11:00:00,Monthly,Total,Number,"Hotels; holiday and other short-stay accommodation; camping grounds, recreational vehicle parks and trailer parks",Latvia,2024-08,676270,
ESTAT:TOUR_OCC_NIM(1.0),26/11/24 11:00:00,Monthly,Total,Number,"Hotels; holiday and other short-stay accommodation; camping grounds, recreational vehicle parks and trailer parks",Latvia,2024-09,393357,
ESTAT:TOUR_OCC_NIM(1.0),26/11/24 11:00:00,Monthly,Total,Number,"Hotels; holiday and other short-stay accommodation; camping grounds, recreational vehicle parks and trailer parks",Montenegro,2023-12,83334,
ESTAT:TOUR_OCC_NIM(1.0),26/11/24 11:00:00,Monthly,Total,Number,"Hotels; holiday and other short-stay accommodation; camping grounds, recreational vehicle parks and trailer parks",Montenegro,2024-01,69583,
ESTAT:TOUR_OCC_NIM(1.0),26/11/24 11:00:00,Monthly,Total,Number,"Hotels; holiday and other short-stay accommodation; camping grounds, recreational vehicle parks and trailer parks",Montenegro,2024-02,90907,
ESTAT:TOUR_OCC_NIM(1.0),26/11/24 11:00:00,Monthly,Total,Number,"Hotels; holiday and other short-stay accommodation; camping grounds, recreational vehicle parks and trailer parks",Montenegro,2024-03,139437,
ESTAT:TOUR_OCC_NIM(1.0),26/11/24 11:00:00,Monthly,Total,Number,"Hotels; holiday and other short-stay accommodation; camping grounds, recreational vehicle parks and trailer parks",Montenegro,2024-04,317756,
ESTAT:TOUR_OCC_NIM(1.0),26/11/24 11:00:00,Monthly,Total,Number,"Hotels; holiday and other short-stay accommodation; camping grounds, recreational vehicle parks and trailer parks",Montenegro,2024-05,499322,
ESTAT:TOUR_OCC_NIM(1.0),26/11/24 11:00:00,Monthly,Total,Number,"Hotels; holiday and other short-stay accommodation; camping grounds, recreational vehicle parks and trailer parks",Montenegro,2024-06,733584,
ESTAT:TOUR_OCC_NIM(1.0),26/11/24 11:00:00,Monthly,Total,Number,"Hotels; holiday and other short-stay accommodation; camping grounds, recreational vehicle parks and trailer parks",Montenegro,2024-07,1036207,
ESTAT:TOUR_OCC_NIM(1.0),26/11/24 11:00:00,Monthly,Total,Number,"Hotels; holiday and other short-stay accommodation; camping grounds, recreational vehicle parks and trailer parks",Montenegro,2024-08,1086368,
ESTAT:TOUR_OCC_NIM(1.0),26/11/24 11:00:00,Monthly,Total,Number,"Hotels; holiday and other short-stay accommodation; camping grounds, recreational vehicle parks and trailer parks",Montenegro,2024-09,662656,
ESTAT:TOUR_OCC_NIM(1.0),26/11/24 11:00:00,Monthly,Total,Number,"Hotels; holiday and other short-stay accommodation; camping grounds, recreational vehicle parks and trailer parks",North Macedonia,2023-12,101371,
ESTAT:TOUR_OCC_NIM(1.0),26/11/24 11:00:00,Monthly,Total,Number,"Hotels; holiday and other short-stay accommodation; camping grounds, recreational vehicle parks and trailer parks",North Macedonia,2024-01,95274,
ESTAT:TOUR_OCC_NIM(1.0),26/11/24 11:00:00,Monthly,Total,Number,"Hotels; holiday and other short-stay accommodation; camping grounds, recreational vehicle parks and trailer parks",North Macedonia,2024-02,84651,
ESTAT:TOUR_OCC_NIM(1.0),26/11/24 11:00:00,Monthly,Total,Number,"Hotels; holiday and other short-stay accommodation; camping grounds, recreational vehicle parks and trailer parks",North Macedonia,2024-03,110113,
ESTAT:TOUR_OCC_NIM(1.0),26/11/24 11:00:00,Monthly,Total,Number,"Hotels; holiday and other short-stay accommodation; camping grounds, recreational vehicle parks and trailer parks",North Macedonia,2024-04,150377,
ESTAT:TOUR_OCC_NIM(1.0),26/11/24 11:00:00,Monthly,Total,Number,"Hotels; holiday and other short-stay accommodation; camping grounds, recreational vehicle parks and trailer parks",North Macedonia,2024-05,197751,
ESTAT:TOUR_OCC_NIM(1.0),26/11/24 11:00:00,Monthly,Total,Number,"Hotels; holiday and other short-stay accommodation; camping grounds, recreational vehicle parks and trailer parks",North Macedonia,2024-06,241354,
ESTAT:TOUR_OCC_NIM(1.0),26/11/24 11:00:00,Monthly,Total,Number,"Hotels; holiday and other short-stay accommodation; camping grounds, recreational vehicle parks and trailer parks",North Macedonia,2024-07,309215,
ESTAT:TOUR_OCC_NIM(1.0),26/11/24 11:00:00,Monthly,Total,Number,"Hotels; holiday and other short-stay accommodation; camping grounds, recreational vehicle parks and trailer parks",North Macedonia,2024-08,327300,
ESTAT:TOUR_OCC_NIM(1.0),26/11/24 11:00:00,Monthly,Total,Number,"Hotels; holiday and other short-stay accommodation; camping grounds, recreational vehicle parks and trailer parks",North Macedonia,2024-09,231076,
ESTAT:TOUR_OCC_NIM(1.0),26/11/24 11:00:00,Monthly,Total,Number,"Hotels; holiday and other short-stay accommodation; camping grounds, recreational vehicle parks and trailer parks",Malta,2023-12,586992,
ESTAT:TOUR_OCC_NIM(1.0),26/11/24 11:00:00,Monthly,Total,Number,"Hotels; holiday and other short-stay accommodation; camping grounds, recreational vehicle parks and trailer parks",Malta,2024-01,529557,
ESTAT:TOUR_OCC_NIM(1.0),26/11/24 11:00:00,Monthly,Total,Number,"Hotels; holiday and other short-stay accommodation; camping grounds, recreational vehicle parks and trailer parks",Malta,2024-02,647382,
ESTAT:TOUR_OCC_NIM(1.0),26/11/24 11:00:00,Monthly,Total,Number,"Hotels; holiday and other short-stay accommodation; camping grounds, recreational vehicle parks and trailer parks",Malta,2024-03,809466,
ESTAT:TOUR_OCC_NIM(1.0),26/11/24 11:00:00,Monthly,Total,Number,"Hotels; holiday and other short-stay accommodation; camping grounds, recreational vehicle parks and trailer parks",Malta,2024-04,934202,
ESTAT:TOUR_OCC_NIM(1.0),26/11/24 11:00:00,Monthly,Total,Number,"Hotels; holiday and other short-stay accommodation; camping grounds, recreational vehicle parks and trailer parks",Malta,2024-05,1034372,
ESTAT:TOUR_OCC_NIM(1.0),26/11/24 11:00:00,Monthly,Total,Number,"Hotels; holiday and other short-stay accommodation; camping grounds, recreational vehicle parks and trailer parks",Malta,2024-06,1046824,
ESTAT:TOUR_OCC_NIM(1.0),26/11/24 11:00:00,Monthly,Total,Number,"Hotels; holiday and other short-stay accommodation; camping grounds, recreational vehicle parks and trailer parks",Malta,2024-07,1257738,
ESTAT:TOUR_OCC_NIM(1.0),26/11/24 11:00:00,Monthly,Total,Number,"Hotels; holiday and other short-stay accommodation; camping grounds, recreational vehicle parks and trailer parks",Malta,2024-08,1320338,
ESTAT:TOUR_OCC_NIM(1.0),26/11/24 11:00:00,Monthly,Total,Number,"Hotels; holiday and other short-stay accommodation; camping grounds, recreational vehicle parks and trailer parks",Malta,2024-09,1067912,
ESTAT:TOUR_OCC_NIM(1.0),26/11/24 11:00:00,Monthly,Total,Number,"Hotels; holiday and other short-stay accommodation; camping grounds, recreational vehicle parks and trailer parks",Netherlands,2023-12,7110378,
ESTAT:TOUR_OCC_NIM(1.0),26/11/24 11:00:00,Monthly,Total,Number,"Hotels; holiday and other short-stay accommodation; camping grounds, recreational vehicle parks and trailer parks",Netherlands,2024-01,7167764,
ESTAT:TOUR_OCC_NIM(1.0),26/11/24 11:00:00,Monthly,Total,Number,"Hotels; holiday and other short-stay accommodation; camping grounds, recreational vehicle parks and trailer parks",Netherlands,2024-02,7137176,
ESTAT:TOUR_OCC_NIM(1.0),26/11/24 11:00:00,Monthly,Total,Number,"Hotels; holiday and other short-stay accommodation; camping grounds, recreational vehicle parks and trailer parks",Netherlands,2024-03,8847744,
ESTAT:TOUR_OCC_NIM(1.0),26/11/24 11:00:00,Monthly,Total,Number,"Hotels; holiday and other short-stay accommodation; camping grounds, recreational vehicle parks and trailer parks",Netherlands,2024-04,11408183,
ESTAT:TOUR_OCC_NIM(1.0),26/11/24 11:00:00,Monthly,Total,Number,"Hotels; holiday and other short-stay accommodation; camping grounds, recreational vehicle parks and trailer parks",Netherlands,2024-05,15972651,
ESTAT:TOUR_OCC_NIM(1.0),26/11/24 11:00:00,Monthly,Total,Number,"Hotels; holiday and other short-stay accommodation; camping grounds, recreational vehicle parks and trailer parks",Netherlands,2024-06,14160573,
ESTAT:TOUR_OCC_NIM(1.0),26/11/24 11:00:00,Monthly,Total,Number,"Hotels; holiday and other short-stay accommodation; camping grounds, recreational vehicle parks and trailer parks",Netherlands,2024-07,18487591,
ESTAT:TOUR_OCC_NIM(1.0),26/11/24 11:00:00,Monthly,Total,Number,"Hotels; holiday and other short-stay accommodation; camping grounds, recreational vehicle parks and trailer parks",Netherlands,2024-08,21524532,
ESTAT:TOUR_OCC_NIM(1.0),26/11/24 11:00:00,Monthly,Total,Number,"Hotels; holiday and other short-stay accommodation; camping grounds, recreational vehicle parks and trailer parks",Netherlands,2024-09,13801791,
ESTAT:TOUR_OCC_NIM(1.0),26/11/24 11:00:00,Monthly,Total,Number,"Hotels; holiday and other short-stay accommodation; camping grounds, recreational vehicle parks and trailer parks",Norway,2023-12,1792315,
ESTAT:TOUR_OCC_NIM(1.0),26/11/24 11:00:00,Monthly,Total,Number,"Hotels; holiday and other short-stay accommodation; camping grounds, recreational vehicle parks and trailer parks",Norway,2024-01,1849681,
ESTAT:TOUR_OCC_NIM(1.0),26/11/24 11:00:00,Monthly,Total,Number,"Hotels; holiday and other short-stay accommodation; camping grounds, recreational vehicle parks and trailer parks",Norway,2024-02,2251851,
ESTAT:TOUR_OCC_NIM(1.0),26/11/24 11:00:00,Monthly,Total,Number,"Hotels; holiday and other short-stay accommodation; camping grounds, recreational vehicle parks and trailer parks",Norway,2024-03,2527944,
ESTAT:TOUR_OCC_NIM(1.0),26/11/24 11:00:00,Monthly,Total,Number,"Hotels; holiday and other short-stay accommodation; camping grounds, recreational vehicle parks and trailer parks",Norway,2024-04,2182055,
ESTAT:TOUR_OCC_NIM(1.0),26/11/24 11:00:00,Monthly,Total,Number,"Hotels; holiday and other short-stay accommodation; camping grounds, recreational vehicle parks and trailer parks",Norway,2024-05,3123680,
ESTAT:TOUR_OCC_NIM(1.0),26/11/24 11:00:00,Monthly,Total,Number,"Hotels; holiday and other short-stay accommodation; camping grounds, recreational vehicle parks and trailer parks",Norway,2024-06,4653212,
ESTAT:TOUR_OCC_NIM(1.0),26/11/24 11:00:00,Monthly,Total,Number,"Hotels; holiday and other short-stay accommodation; camping grounds, recreational vehicle parks and trailer parks",Norway,2024-07,6773484,
ESTAT:TOUR_OCC_NIM(1.0),26/11/24 11:00:00,Monthly,Total,Number,"Hotels; holiday and other short-stay accommodation; camping grounds, recreational vehicle parks and trailer parks",Norway,2024-08,5270260,
ESTAT:TOUR_OCC_NIM(1.0),26/11/24 11:00:00,Monthly,Total,Number,"Hotels; holiday and other short-stay accommodation; camping grounds, recreational vehicle parks and trailer parks",Norway,2024-09,3244081,
ESTAT:TOUR_OCC_NIM(1.0),26/11/24 11:00:00,Monthly,Total,Number,"Hotels; holiday and other short-stay accommodation; camping grounds, recreational vehicle parks and trailer parks",Poland,2023-12,5691581,
ESTAT:TOUR_OCC_NIM(1.0),26/11/24 11:00:00,Monthly,Total,Number,"Hotels; holiday and other short-stay accommodation; camping grounds, recreational vehicle parks and trailer parks",Poland,2024-01,5633012,
ESTAT:TOUR_OCC_NIM(1.0),26/11/24 11:00:00,Monthly,Total,Number,"Hotels; holiday and other short-stay accommodation; camping grounds, recreational vehicle parks and trailer parks",Poland,2024-02,6006428,
ESTAT:TOUR_OCC_NIM(1.0),26/11/24 11:00:00,Monthly,Total,Number,"Hotels; holiday and other short-stay accommodation; camping grounds, recreational vehicle parks and trailer parks",Poland,2024-03,5800871,
ESTAT:TOUR_OCC_NIM(1.0),26/11/24 11:00:00,Monthly,Total,Number,"Hotels; holiday and other short-stay accommodation; camping grounds, recreational vehicle parks and trailer parks",Poland,2024-04,6105093,
ESTAT:TOUR_OCC_NIM(1.0),26/11/24 11:00:00,Monthly,Total,Number,"Hotels; holiday and other short-stay accommodation; camping grounds, recreational vehicle parks and trailer parks",Poland,2024-05,8259848,
ESTAT:TOUR_OCC_NIM(1.0),26/11/24 11:00:00,Monthly,Total,Number,"Hotels; holiday and other short-stay accommodation; camping grounds, recreational vehicle parks and trailer parks",Poland,2024-06,9535462,
ESTAT:TOUR_OCC_NIM(1.0),26/11/24 11:00:00,Monthly,Total,Number,"Hotels; holiday and other short-stay accommodation; camping grounds, recreational vehicle parks and trailer parks",Poland,2024-07,13156768,
ESTAT:TOUR_OCC_NIM(1.0),26/11/24 11:00:00,Monthly,Total,Number,"Hotels; holiday and other short-stay accommodation; camping grounds, recreational vehicle parks and trailer parks",Poland,2024-08,13701968,
ESTAT:TOUR_OCC_NIM(1.0),26/11/24 11:00:00,Monthly,Total,Number,"Hotels; holiday and other short-stay accommodation; camping grounds, recreational vehicle parks and trailer parks",Poland,2024-09,8810149,
ESTAT:TOUR_OCC_NIM(1.0),26/11/24 11:00:00,Monthly,Total,Number,"Hotels; holiday and other short-stay accommodation; camping grounds, recreational vehicle parks and trailer parks",Portugal,2023-12,4315155,
ESTAT:TOUR_OCC_NIM(1.0),26/11/24 11:00:00,Monthly,Total,Number,"Hotels; holiday and other short-stay accommodation; camping grounds, recreational vehicle parks and trailer parks",Portugal,2024-01,3718363,
ESTAT:TOUR_OCC_NIM(1.0),26/11/24 11:00:00,Monthly,Total,Number,"Hotels; holiday and other short-stay accommodation; camping grounds, recreational vehicle parks and trailer parks",Portugal,2024-02,4583201,
ESTAT:TOUR_OCC_NIM(1.0),26/11/24 11:00:00,Monthly,Total,Number,"Hotels; holiday and other short-stay accommodation; camping grounds, recreational vehicle parks and trailer parks",Portugal,2024-03,6106841,
ESTAT:TOUR_OCC_NIM(1.0),26/11/24 11:00:00,Monthly,Total,Number,"Hotels; holiday and other short-stay accommodation; camping grounds, recreational vehicle parks and trailer parks",Portugal,2024-04,6973149,
ESTAT:TOUR_OCC_NIM(1.0),26/11/24 11:00:00,Monthly,Total,Number,"Hotels; holiday and other short-stay accommodation; camping grounds, recreational vehicle parks and trailer parks",Portugal,2024-05,8244894,
ESTAT:TOUR_OCC_NIM(1.0),26/11/24 11:00:00,Monthly,Total,Number,"Hotels; holiday and other short-stay accommodation; camping grounds, recreational vehicle parks and trailer parks",Portugal,2024-06,8494326,
ESTAT:TOUR_OCC_NIM(1.0),26/11/24 11:00:00,Monthly,Total,Number,"Hotels; holiday and other short-stay accommodation; camping grounds, recreational vehicle parks and trailer parks",Portugal,2024-07,10330144,
ESTAT:TOUR_OCC_NIM(1.0),26/11/24 11:00:00,Monthly,Total,Number,"Hotels; holiday and other short-stay accommodation; camping grounds, recreational vehicle parks and trailer parks",Portugal,2024-08,12613343,
ESTAT:TOUR_OCC_NIM(1.0),26/11/24 11:00:00,Monthly,Total,Number,"Hotels; holiday and other short-stay accommodation; camping grounds, recreational vehicle parks and trailer parks",Portugal,2024-09,9205299,
ESTAT:TOUR_OCC_NIM(1.0),26/11/24 11:00:00,Monthly,Total,Number,"Hotels; holiday and other short-stay accommodation; camping grounds, recreational vehicle parks and trailer parks",Romania,2023-12,1735421,
ESTAT:TOUR_OCC_NIM(1.0),26/11/24 11:00:00,Monthly,Total,Number,"Hotels; holiday and other short-stay accommodation; camping grounds, recreational vehicle parks and trailer parks",Romania,2024-01,1441231,
ESTAT:TOUR_OCC_NIM(1.0),26/11/24 11:00:00,Monthly,Total,Number,"Hotels; holiday and other short-stay accommodation; camping grounds, recreational vehicle parks and trailer parks",Romania,2024-02,1629662,
ESTAT:TOUR_OCC_NIM(1.0),26/11/24 11:00:00,Monthly,Total,Number,"Hotels; holiday and other short-stay accommodation; camping grounds, recreational vehicle parks and trailer parks",Romania,2024-03,1600952,
ESTAT:TOUR_OCC_NIM(1.0),26/11/24 11:00:00,Monthly,Total,Number,"Hotels; holiday and other short-stay accommodation; camping grounds, recreational vehicle parks and trailer parks",Romania,2024-04,1697965,
ESTAT:TOUR_OCC_NIM(1.0),26/11/24 11:00:00,Monthly,Total,Number,"Hotels; holiday and other short-stay accommodation; camping grounds, recreational vehicle parks and trailer parks",Romania,2024-05,2115933,
ESTAT:TOUR_OCC_NIM(1.0),26/11/24 11:00:00,Monthly,Total,Number,"Hotels; holiday and other short-stay accommodation; camping grounds, recreational vehicle parks and trailer parks",Romania,2024-06,2830292,
ESTAT:TOUR_OCC_NIM(1.0),26/11/24 11:00:00,Monthly,Total,Number,"Hotels; holiday and other short-stay accommodation; camping grounds, recreational vehicle parks and trailer parks",Romania,2024-07,4659849,
ESTAT:TOUR_OCC_NIM(1.0),26/11/24 11:00:00,Monthly,Total,Number,"Hotels; holiday and other short-stay accommodation; camping grounds, recreational vehicle parks and trailer parks",Romania,2024-08,5346209,
ESTAT:TOUR_OCC_NIM(1.0),26/11/24 11:00:00,Monthly,Total,Number,"Hotels; holiday and other short-stay accommodation; camping grounds, recreational vehicle parks and trailer parks",Romania,2024-09,2777616,
ESTAT:TOUR_OCC_NIM(1.0),26/11/24 11:00:00,Monthly,Total,Number,"Hotels; holiday and other short-stay accommodation; camping grounds, recreational vehicle parks and trailer parks",Serbia,2023-12,816563,
ESTAT:TOUR_OCC_NIM(1.0),26/11/24 11:00:00,Monthly,Total,Number,"Hotels; holiday and other short-stay accommodation; camping grounds, recreational vehicle parks and trailer parks",Serbia,2024-01,824261,
ESTAT:TOUR_OCC_NIM(1.0),26/11/24 11:00:00,Monthly,Total,Number,"Hotels; holiday and other short-stay accommodation; camping grounds, recreational vehicle parks and trailer parks",Serbia,2024-02,817138,
ESTAT:TOUR_OCC_NIM(1.0),26/11/24 11:00:00,Monthly,Total,Number,"Hotels; holiday and other short-stay accommodation; camping grounds, recreational vehicle parks and trailer parks",Serbia,2024-03,920406,
ESTAT:TOUR_OCC_NIM(1.0),26/11/24 11:00:00,Monthly,Total,Number,"Hotels; holiday and other short-stay accommodation; camping grounds, recreational vehicle parks and trailer parks",Serbia,2024-04,1025142,
ESTAT:TOUR_OCC_NIM(1.0),26/11/24 11:00:00,Monthly,Total,Number,"Hotels; holiday and other short-stay accommodation; camping grounds, recreational vehicle parks and trailer parks",Serbia,2024-05,1208400,
ESTAT:TOUR_OCC_NIM(1.0),26/11/24 11:00:00,Monthly,Total,Number,"Hotels; holiday and other short-stay accommodation; camping grounds, recreational vehicle parks and trailer parks",Serbia,2024-06,1151244,
ESTAT:TOUR_OCC_NIM(1.0),26/11/24 11:00:00,Monthly,Total,Number,"Hotels; holiday and other short-stay accommodation; camping grounds, recreational vehicle parks and trailer parks",Serbia,2024-07,1384409,
ESTAT:TOUR_OCC_NIM(1.0),26/11/24 11:00:00,Monthly,Total,Number,"Hotels; holiday and other short-stay accommodation; camping grounds, recreational vehicle parks and trailer parks",Serbia,2024-08,1478085,
ESTAT:TOUR_OCC_NIM(1.0),26/11/24 11:00:00,Monthly,Total,Number,"Hotels; holiday and other short-stay accommodation; camping grounds, recreational vehicle parks and trailer parks",Serbia,2024-09,1047119,
ESTAT:TOUR_OCC_NIM(1.0),26/11/24 11:00:00,Monthly,Total,Number,"Hotels; holiday and other short-stay accommodation; camping grounds, recreational vehicle parks and trailer parks",Sweden,2023-12,3235188,
ESTAT:TOUR_OCC_NIM(1.0),26/11/24 11:00:00,Monthly,Total,Number,"Hotels; holiday and other short-stay accommodation; camping grounds, recreational vehicle parks and trailer parks",Sweden,2024-01,3165894,
ESTAT:TOUR_OCC_NIM(1.0),26/11/24 11:00:00,Monthly,Total,Number,"Hotels; holiday and other short-stay accommodation; camping grounds, recreational vehicle parks and trailer parks",Sweden,2024-02,3573537,
ESTAT:TOUR_OCC_NIM(1.0),26/11/24 11:00:00,Monthly,Total,Number,"Hotels; holiday and other short-stay accommodation; camping grounds, recreational vehicle parks and trailer parks",Sweden,2024-03,3961542,
ESTAT:TOUR_OCC_NIM(1.0),26/11/24 11:00:00,Monthly,Total,Number,"Hotels; holiday and other short-stay accommodation; camping grounds, recreational vehicle parks and trailer parks",Sweden,2024-04,3726029,
ESTAT:TOUR_OCC_NIM(1.0),26/11/24 11:00:00,Monthly,Total,Number,"Hotels; holiday and other short-stay accommodation; camping grounds, recreational vehicle parks and trailer parks",Sweden,2024-05,5417455,
ESTAT:TOUR_OCC_NIM(1.0),26/11/24 11:00:00,Monthly,Total,Number,"Hotels; holiday and other short-stay accommodation; camping grounds, recreational vehicle parks and trailer parks",Sweden,2024-06,6875461,
ESTAT:TOUR_OCC_NIM(1.0),26/11/24 11:00:00,Monthly,Total,Number,"Hotels; holiday and other short-stay accommodation; camping grounds, recreational vehicle parks and trailer parks",Sweden,2024-07,12713882,
ESTAT:TOUR_OCC_NIM(1.0),26/11/24 11:00:00,Monthly,Total,Number,"Hotels; holiday and other short-stay accommodation; camping grounds, recreational vehicle parks and trailer parks",Sweden,2024-08,8642523,
ESTAT:TOUR_OCC_NIM(1.0),26/11/24 11:00:00,Monthly,Total,Number,"Hotels; holiday and other short-stay accommodation; camping grounds, recreational vehicle parks and trailer parks",Sweden,2024-09,4618000,
ESTAT:TOUR_OCC_NIM(1.0),26/11/24 11:00:00,Monthly,Total,Number,"Hotels; holiday and other short-stay accommodation; camping grounds, recreational vehicle parks and trailer parks",Slovenia,2023-12,794492,
ESTAT:TOUR_OCC_NIM(1.0),26/11/24 11:00:00,Monthly,Total,Number,"Hotels; holiday and other short-stay accommodation; camping grounds, recreational vehicle parks and trailer parks",Slovenia,2024-01,748586,
ESTAT:TOUR_OCC_NIM(1.0),26/11/24 11:00:00,Monthly,Total,Number,"Hotels; holiday and other short-stay accommodation; camping grounds, recreational vehicle parks and trailer parks",Slovenia,2024-02,828078,
ESTAT:TOUR_OCC_NIM(1.0),26/11/24 11:00:00,Monthly,Total,Number,"Hotels; holiday and other short-stay accommodation; camping grounds, recreational vehicle parks and trailer parks",Slovenia,2024-03,840675,
ESTAT:TOUR_OCC_NIM(1.0),26/11/24 11:00:00,Monthly,Total,Number,"Hotels; holiday and other short-stay accommodation; camping grounds, recreational vehicle parks and trailer parks",Slovenia,2024-04,936389,
ESTAT:TOUR_OCC_NIM(1.0),26/11/24 11:00:00,Monthly,Total,Number,"Hotels; holiday and other short-stay accommodation; camping grounds, recreational vehicle parks and trailer parks",Slovenia,2024-05,1392699,
ESTAT:TOUR_OCC_NIM(1.0),26/11/24 11:00:00,Monthly,Total,Number,"Hotels; holiday and other short-stay accommodation; camping grounds, recreational vehicle parks and trailer parks",Slovenia,2024-06,1646716,
ESTAT:TOUR_OCC_NIM(1.0),26/11/24 11:00:00,Monthly,Total,Number,"Hotels; holiday and other short-stay accommodation; camping grounds, recreational vehicle parks and trailer parks",Slovenia,2024-07,2874130,
ESTAT:TOUR_OCC_NIM(1.0),26/11/24 11:00:00,Monthly,Total,Number,"Hotels; holiday and other short-stay accommodation; camping grounds, recreational vehicle parks and trailer parks",Slovenia,2024-08,3261909,
ESTAT:TOUR_OCC_NIM(1.0),26/11/24 11:00:00,Monthly,Total,Number,"Hotels; holiday and other short-stay accommodation; camping grounds, recreational vehicle parks and trailer parks",Slovenia,2024-09,1599540,
ESTAT:TOUR_OCC_NIM(1.0),26/11/24 11:00:00,Monthly,Total,Number,"Hotels; holiday and other short-stay accommodation; camping grounds, recreational vehicle parks and trailer parks",Slovakia,2023-12,811780,
ESTAT:TOUR_OCC_NIM(1.0),26/11/24 11:00:00,Monthly,Total,Number,"Hotels; holiday and other short-stay accommodation; camping grounds, recreational vehicle parks and trailer parks",Slovakia,2024-01,916016,
ESTAT:TOUR_OCC_NIM(1.0),26/11/24 11:00:00,Monthly,Total,Number,"Hotels; holiday and other short-stay accommodation; camping grounds, recreational vehicle parks and trailer parks",Slovakia,2024-02,1095215,
ESTAT:TOUR_OCC_NIM(1.0),26/11/24 11:00:00,Monthly,Total,Number,"Hotels; holiday and other short-stay accommodation; camping grounds, recreational vehicle parks and trailer parks",Slovakia,2024-03,1024619,
ESTAT:TOUR_OCC_NIM(1.0),26/11/24 11:00:00,Monthly,Total,Number,"Hotels; holiday and other short-stay accommodation; camping grounds, recreational vehicle parks and trailer parks",Slovakia,2024-04,883517,
ESTAT:TOUR_OCC_NIM(1.0),26/11/24 11:00:00,Monthly,Total,Number,"Hotels; holiday and other short-stay accommodation; camping grounds, recreational vehicle parks and trailer parks",Slovakia,2024-05,1191074,
ESTAT:TOUR_OCC_NIM(1.0),26/11/24 11:00:00,Monthly,Total,Number,"Hotels; holiday and other short-stay accommodation; camping grounds, recreational vehicle parks and trailer parks",Slovakia,2024-06,1316048,
ESTAT:TOUR_OCC_NIM(1.0),26/11/24 11:00:00,Monthly,Total,Number,"Hotels; holiday and other short-stay accommodation; camping grounds, recreational vehicle parks and trailer parks",Slovakia,2024-07,1927617,
ESTAT:TOUR_OCC_NIM(1.0),26/11/24 11:00:00,Monthly,Total,Number,"Hotels; holiday and other short-stay accommodation; camping grounds, recreational vehicle parks and trailer parks",Slovakia,2024-08,2014751,
ESTAT:TOUR_OCC_NIM(1.0),26/11/24 11:00:00,Monthly,Total,Number,"Hotels; holiday and other short-stay accommodation; camping grounds, recreational vehicle parks and trailer parks",Slovakia,2024-09,1196186,
ESTAT:TOUR_OCC_NIM(1.0),26/11/24 11:00:00,Monthly,Total,Number,"Hotels; holiday and other short-stay accommodation; camping grounds, recreational vehicle parks and trailer parks",Türkiye,2023-12,8535010,
ESTAT:TOUR_OCC_NIM(1.0),26/11/24 11:00:00,Monthly,Total,Number,"Hotels; holiday and other short-stay accommodation; camping grounds, recreational vehicle parks and trailer parks",Türkiye,2024-01,8502645,
ESTAT:TOUR_OCC_NIM(1.0),26/11/24 11:00:00,Monthly,Total,Number,"Hotels; holiday and other short-stay accommodation; camping grounds, recreational vehicle parks and trailer parks",Türkiye,2024-02,8543805,
ESTAT:TOUR_OCC_NIM(1.0),26/11/24 11:00:00,Monthly,Total,Number,"Hotels; holiday and other short-stay accommodation; camping grounds, recreational vehicle parks and trailer parks",Türkiye,2024-03,9434940,
ESTAT:TOUR_OCC_NIM(1.0),26/11/24 11:00:00,Monthly,Total,Number,"Hotels; holiday and other short-stay accommodation; camping grounds, recreational vehicle parks and trailer parks",Türkiye,2024-04,14627114,
ESTAT:TOUR_OCC_NIM(1.0),26/11/24 11:00:00,Monthly,Total,Number,"Hotels; holiday and other short-stay accommodation; camping grounds, recreational vehicle parks and trailer parks",Türkiye,2024-05,21278196,
ESTAT:TOUR_OCC_NIM(1.0),26/11/24 11:00:00,Monthly,Total,Number,"Hotels; holiday and other short-stay accommodation; camping grounds, recreational vehicle parks and trailer parks",Türkiye,2024-06,24591295,
ESTAT:TOUR_OCC_NIM(1.0),26/11/24 11:00:00,Monthly,Total,Number,"Hotels; holiday and other short-stay accommodation; camping grounds, recreational vehicle parks and trailer parks",Türkiye,2024-07,28355949,
ESTAT:TOUR_OCC_NIM(1.0),26/11/24 11:00:00,Monthly,Total,Number,"Hotels; holiday and other short-stay accommodation; camping grounds, recreational vehicle parks and trailer parks",Türkiye,2024-08,30381718,
ESTAT:TOUR_OCC_NIM(1.0),26/11/24 11:00:00,Monthly,Total,Number,"Hotels; holiday and other short-stay accommodation; camping grounds, recreational vehicle parks and trailer parks",Kosovo*,2023-12,141640,
ESTAT:TOUR_OCC_NIM(1.0),26/11/24 11:00:00,Monthly,Total,Number,"Hotels; holiday and other short-stay accommodation; camping grounds, recreational vehicle parks and trailer parks",Kosovo*,2024-01,152052,
ESTAT:TOUR_OCC_NIM(1.0),26/11/24 11:00:00,Monthly,Total,Number,"Hotels; holiday and other short-stay accommodation; camping grounds, recreational vehicle parks and trailer parks",Kosovo*,2024-02,105267,
ESTAT:TOUR_OCC_NIM(1.0),26/11/24 11:00:00,Monthly,Total,Number,"Hotels; holiday and other short-stay accommodation; camping grounds, recreational vehicle parks and trailer parks",Kosovo*,2024-03,77601,
ESTAT:TOUR_OCC_NIM(1.0),26/11/24 11:00:00,Monthly,Total,Number,"Hotels; holiday and other short-stay accommodation; camping grounds, recreational vehicle parks and trailer parks",Kosovo*,2024-04,103022,
ESTAT:TOUR_OCC_NIM(1.0),26/11/24 11:00:00,Monthly,Total,Number,"Hotels; holiday and other short-stay accommodation; camping grounds, recreational vehicle parks and trailer parks",Kosovo*,2024-05,120092,
ESTAT:TOUR_OCC_NIM(1.0),26/11/24 11:00:00,Monthly,Total,Number,"Hotels; holiday and other short-stay accommodation; camping grounds, recreational vehicle parks and trailer parks",Kosovo*,2024-06,119861,
ESTAT:TOUR_OCC_NIM(1.0),26/11/24 11:00:00,Monthly,Total,Number,"Hotels; holiday and other short-stay accommodation; camping grounds, recreational vehicle parks and trailer parks",Kosovo*,2024-07,133662,
ESTAT:TOUR_OCC_NIM(1.0),26/11/24 11:00:00,Monthly,Total,Number,"Hotels; holiday and other short-stay accommodation; camping grounds, recreational vehicle parks and trailer parks",Kosovo*,2024-08,161859,
ESTAT:TOUR_OCC_NIM(1.0),26/11/24 11:00:00,Monthly,Total,Number,"Hotels; holiday and other short-stay accommodation; camping grounds, recreational vehicle parks and trailer parks",Kosovo*,2024-09,156211,
