DATAFLOW,FREQ,RESIDENCE_TERR,DATA_TYPE,AREA_DESTINATION,TYPE_TRIP,REASONS_NO_HOLIDAYS,SEX,AGE,TIME_PERIOD,OBS_VALUE,OBS_STATUS,NOTE_DS,NOTE_RESIDENCE_TERR,NOTE_DATA_TYPE,NOTE_AREA_DESTINATION,NOTE_TYPE_TRIP,NOTE_REASONS_NO_HOLIDAYS,NOTE_SEX,NOTE_AGE,NOTE_TIME_PERIOD,BASE_PER,UNIT_MEAS,UNIT_MULT
IT1:68_161_DF_DCCV_TURANN_NO_TURAN_CAPI_1(1.0),A,IT,DEM_NOPTOUR_ABS_ANN_1,ALL,HOL,ALL,1,Y_GE15,2018,13468,,,,,,,TIPO_MOTIVO1__ALL_N1,,,,,,
IT1:68_161_DF_DCCV_TURANN_NO_TURAN_CAPI_1(1.0),A,IT,DEM_NOPTOUR_ABS_ANN_1,ALL,HOL,ALL,1,Y_GE15,2019,13746,,,,,,,TIPO_MOTIVO1__ALL_N1,,,,,,
IT1:68_161_DF_DCCV_TURANN_NO_TURAN_CAPI_1(1.0),A,IT,DEM_NOPTOUR_ABS_ANN_1,ALL,HOL,ALL,1,Y_GE15,2020,18445,,,,,,,TIPO_MOTIVO1__ALL_N1,,,,,,
IT1:68_161_DF_DCCV_TURANN_NO_TURAN_CAPI_1(1.0),A,IT,DEM_NOPTOUR_ABS_ANN_1,ALL,HOL,ALL,1,Y_GE15,2021,16885,,,,,,,TIPO_MOTIVO1__ALL_N1,,,,,,
IT1:68_161_DF_DCCV_TURANN_NO_TURAN_CAPI_1(1.0),A,IT,DEM_NOPTOUR_ABS_ANN_1,ALL,HOL,ALL,1,Y_GE15,2022,14544,,,,,,,TIPO_MOTIVO1__ALL_N1,,,,,,
IT1:68_161_DF_DCCV_TURANN_NO_TURAN_CAPI_1(1.0),A,IT,DEM_NOPTOUR_ABS_ANN_1,ALL,HOL,ALL,1,Y_GE15,2023,14618,,,,,,,TIPO_MOTIVO1__ALL_N1,,,,,,
IT1:68_161_DF_DCCV_TURANN_NO_TURAN_CAPI_1(1.0),A,IT,DEM_NOPTOUR_ABS_ANN_1,ALL,HOL,ALL,2,Y_GE15,2018,15205,,,,,,,TIPO_MOTIVO1__ALL_N1,,,,,,
IT1:68_161_DF_DCCV_TURANN_NO_TURAN_CAPI_1(1.0),A,IT,DEM_NOPTOUR_ABS_ANN_1,ALL,HOL,ALL,2,Y_GE15,2019,14904,,,,,,,TIPO_MOTIVO1__ALL_N1,,,,,,
IT1:68_161_DF_DCCV_TURANN_NO_TURAN_CAPI_1(1.0),A,IT,DEM_NOPTOUR_ABS_ANN_1,ALL,HOL,ALL,2,Y_GE15,2020,20039,,,,,,,TIPO_MOTIVO1__ALL_N1,,,,,,
IT1:68_161_DF_DCCV_TURANN_NO_TURAN_CAPI_1(1.0),A,IT,DEM_NOPTOUR_ABS_ANN_1,ALL,HOL,ALL,2,Y_GE15,2021,18382,,,,,,,TIPO_MOTIVO1__ALL_N1,,,,,,
IT1:68_161_DF_DCCV_TURANN_NO_TURAN_CAPI_1(1.0),A,IT,DEM_NOPTOUR_ABS_ANN_1,ALL,HOL,ALL,2,Y_GE15,2022,15753,,,,,,,TIPO_MOTIVO1__ALL_N1,,,,,,
IT1:68_161_DF_DCCV_TURANN_NO_TURAN_CAPI_1(1.0),A,IT,DEM_NOPTOUR_ABS_ANN_1,ALL,HOL,ALL,2,Y_GE15,2023,16067,,,,,,,TIPO_MOTIVO1__ALL_N1,,,,,,
IT1:68_161_DF_DCCV_TURANN_NO_TURAN_CAPI_1(1.0),A,IT,DEM_NOPTOUR_ABS_ANN_1,ALL,HOL,ALL,9,Y_GE15,2018,28673,,,,,,,TIPO_MOTIVO1__ALL_N1,,,,,,
IT1:68_161_DF_DCCV_TURANN_NO_TURAN_CAPI_1(1.0),A,IT,DEM_NOPTOUR_ABS_ANN_1,ALL,HOL,ALL,9,Y_GE15,2019,28650,,,,,,,TIPO_MOTIVO1__ALL_N1,,,,,,
IT1:68_161_DF_DCCV_TURANN_NO_TURAN_CAPI_1(1.0),A,IT,DEM_NOPTOUR_ABS_ANN_1,ALL,HOL,ALL,9,Y_GE15,2020,38484,,,,,,,TIPO_MOTIVO1__ALL_N1,,,,,,
IT1:68_161_DF_DCCV_TURANN_NO_TURAN_CAPI_1(1.0),A,IT,DEM_NOPTOUR_ABS_ANN_1,ALL,HOL,ALL,9,Y_GE15,2021,35267,,,,,,,TIPO_MOTIVO1__ALL_N1,,,,,,
IT1:68_161_DF_DCCV_TURANN_NO_TURAN_CAPI_1(1.0),A,IT,DEM_NOPTOUR_ABS_ANN_1,ALL,HOL,ALL,9,Y_GE15,2022,30297,,,,,,,TIPO_MOTIVO1__ALL_N1,,,,,,
IT1:68_161_DF_DCCV_TURANN_NO_TURAN_CAPI_1(1.0),A,IT,DEM_NOPTOUR_ABS_ANN_1,ALL,HOL,ALL,9,Y_GE15,2023,30684,,,,,,,TIPO_MOTIVO1__ALL_N1,,,,,,
IT1:68_161_DF_DCCV_TURANN_NO_TURAN_CAPI_1(1.0),A,IT,DEM_NOPTOUR_ABS_ANN_1,ALL,HOL,ALL,9,Y_GE65,2018,9960,,,,,,,TIPO_MOTIVO1__ALL_N1,,,,,,
IT1:68_161_DF_DCCV_TURANN_NO_TURAN_CAPI_1(1.0),A,IT,DEM_NOPTOUR_ABS_ANN_1,ALL,HOL,ALL,9,Y_GE65,2019,9781,,,,,,,TIPO_MOTIVO1__ALL_N1,,,,,,
IT1:68_161_DF_DCCV_TURANN_NO_TURAN_CAPI_1(1.0),A,IT,DEM_NOPTOUR_ABS_ANN_1,ALL,HOL,ALL,9,Y_GE65,2020,11864,,,,,,,TIPO_MOTIVO1__ALL_N1,,,,,,
IT1:68_161_DF_DCCV_TURANN_NO_TURAN_CAPI_1(1.0),A,IT,DEM_NOPTOUR_ABS_ANN_1,ALL,HOL,ALL,9,Y_GE65,2021,11545,,,,,,,TIPO_MOTIVO1__ALL_N1,,,,,,
IT1:68_161_DF_DCCV_TURANN_NO_TURAN_CAPI_1(1.0),A,IT,DEM_NOPTOUR_ABS_ANN_1,ALL,HOL,ALL,9,Y_GE65,2022,10630,,,,,,,TIPO_MOTIVO1__ALL_N1,,,,,,
IT1:68_161_DF_DCCV_TURANN_NO_TURAN_CAPI_1(1.0),A,IT,DEM_NOPTOUR_ABS_ANN_1,ALL,HOL,ALL,9,Y_GE65,2023,10612,,,,,,,TIPO_MOTIVO1__ALL_N1,,,,,,
IT1:68_161_DF_DCCV_TURANN_NO_TURAN_CAPI_1(1.0),A,IT,DEM_NOPTOUR_ABS_ANN_1,ALL,HOL,ALL,9,Y15-24,2018,3011,,,,,,,TIPO_MOTIVO1__ALL_N1,,,,,,
IT1:68_161_DF_DCCV_TURANN_NO_TURAN_CAPI_1(1.0),A,IT,DEM_NOPTOUR_ABS_ANN_1,ALL,HOL,ALL,9,Y15-24,2019,3063,,,,,,,TIPO_MOTIVO1__ALL_N1,,,,,,
IT1:68_161_DF_DCCV_TURANN_NO_TURAN_CAPI_1(1.0),A,IT,DEM_NOPTOUR_ABS_ANN_1,ALL,HOL,ALL,9,Y15-24,2020,4411,,,,,,,TIPO_MOTIVO1__ALL_N1,,,,,,
IT1:68_161_DF_DCCV_TURANN_NO_TURAN_CAPI_1(1.0),A,IT,DEM_NOPTOUR_ABS_ANN_1,ALL,HOL,ALL,9,Y15-24,2021,3808,,,,,,,TIPO_MOTIVO1__ALL_N1,,,,,,
IT1:68_161_DF_DCCV_TURANN_NO_TURAN_CAPI_1(1.0),A,IT,DEM_NOPTOUR_ABS_ANN_1,ALL,HOL,ALL,9,Y15-24,2022,3355,,,,,,,TIPO_MOTIVO1__ALL_N1,,,,,,
IT1:68_161_DF_DCCV_TURANN_NO_TURAN_CAPI_1(1.0),A,IT,DEM_NOPTOUR_ABS_ANN_1,ALL,HOL,ALL,9,Y15-24,2023,3217,,,,,,,TIPO_MOTIVO1__ALL_N1,,,,,,
IT1:68_161_DF_DCCV_TURANN_NO_TURAN_CAPI_1(1.0),A,IT,DEM_NOPTOUR_ABS_ANN_1,ALL,HOL,ALL,9,Y15-34,2018,6057,,,,,,,TIPO_MOTIVO1__ALL_N1,,,,,,
IT1:68_161_DF_DCCV_TURANN_NO_TURAN_CAPI_1(1.0),A,IT,DEM_NOPTOUR_ABS_ANN_1,ALL,HOL,ALL,9,Y15-34,2019,5813,,,,,,,TIPO_MOTIVO1__ALL_N1,,,,,,
IT1:68_161_DF_DCCV_TURANN_NO_TURAN_CAPI_1(1.0),A,IT,DEM_NOPTOUR_ABS_ANN_1,ALL,HOL,ALL,9,Y15-34,2020,8470,,,,,,,TIPO_MOTIVO1__ALL_N1,,,,,,
IT1:68_161_DF_DCCV_TURANN_NO_TURAN_CAPI_1(1.0),A,IT,DEM_NOPTOUR_ABS_ANN_1,ALL,HOL,ALL,9,Y15-34,2021,7546,,,,,,,TIPO_MOTIVO1__ALL_N1,,,,,,
IT1:68_161_DF_DCCV_TURANN_NO_TURAN_CAPI_1(1.0),A,IT,DEM_NOPTOUR_ABS_ANN_1,ALL,HOL,ALL,9,Y15-34,2022,5852,,,,,,,TIPO_MOTIVO1__ALL_N1,,,,,,
IT1:68_161_DF_DCCV_TURANN_NO_TURAN_CAPI_1(1.0),A,IT,DEM_NOPTOUR_ABS_ANN_1,ALL,HOL,ALL,9,Y15-34,2023,6167,,,,,,,TIPO_MOTIVO1__ALL_N1,,,,,,
IT1:68_161_DF_DCCV_TURANN_NO_TURAN_CAPI_1(1.0),A,IT,DEM_NOPTOUR_ABS_ANN_1,ALL,HOL,ALL,9,Y25-34,2018,3046,,,,,,,TIPO_MOTIVO1__ALL_N1,,,,,,
IT1:68_161_DF_DCCV_TURANN_NO_TURAN_CAPI_1(1.0),A,IT,DEM_NOPTOUR_ABS_ANN_1,ALL,HOL,ALL,9,Y25-34,2019,2749,,,,,,,TIPO_MOTIVO1__ALL_N1,,,,,,
IT1:68_161_DF_DCCV_TURANN_NO_TURAN_CAPI_1(1.0),A,IT,DEM_NOPTOUR_ABS_ANN_1,ALL,HOL,ALL,9,Y25-34,2020,4059,,,,,,,TIPO_MOTIVO1__ALL_N1,,,,,,
IT1:68_161_DF_DCCV_TURANN_NO_TURAN_CAPI_1(1.0),A,IT,DEM_NOPTOUR_ABS_ANN_1,ALL,HOL,ALL,9,Y25-34,2021,3737,,,,,,,TIPO_MOTIVO1__ALL_N1,,,,,,
IT1:68_161_DF_DCCV_TURANN_NO_TURAN_CAPI_1(1.0),A,IT,DEM_NOPTOUR_ABS_ANN_1,ALL,HOL,ALL,9,Y25-34,2022,2496,,,,,,,TIPO_MOTIVO1__ALL_N1,,,,,,
IT1:68_161_DF_DCCV_TURANN_NO_TURAN_CAPI_1(1.0),A,IT,DEM_NOPTOUR_ABS_ANN_1,ALL,HOL,ALL,9,Y25-34,2023,2950,,,,,,,TIPO_MOTIVO1__ALL_N1,,,,,,
IT1:68_161_DF_DCCV_TURANN_NO_TURAN_CAPI_1(1.0),A,IT,DEM_NOPTOUR_ABS_ANN_1,ALL,HOL,ALL,9,Y35-44,2018,3675,,,,,,,TIPO_MOTIVO1__ALL_N1,,,,,,
IT1:68_161_DF_DCCV_TURANN_NO_TURAN_CAPI_1(1.0),A,IT,DEM_NOPTOUR_ABS_ANN_1,ALL,HOL,ALL,9,Y35-44,2019,3672,,,,,,,TIPO_MOTIVO1__ALL_N1,,,,,,
IT1:68_161_DF_DCCV_TURANN_NO_TURAN_CAPI_1(1.0),A,IT,DEM_NOPTOUR_ABS_ANN_1,ALL,HOL,ALL,9,Y35-44,2020,5183,,,,,,,TIPO_MOTIVO1__ALL_N1,,,,,,
IT1:68_161_DF_DCCV_TURANN_NO_TURAN_CAPI_1(1.0),A,IT,DEM_NOPTOUR_ABS_ANN_1,ALL,HOL,ALL,9,Y35-44,2021,4369,,,,,,,TIPO_MOTIVO1__ALL_N1,,,,,,
IT1:68_161_DF_DCCV_TURANN_NO_TURAN_CAPI_1(1.0),A,IT,DEM_NOPTOUR_ABS_ANN_1,ALL,HOL,ALL,9,Y35-44,2022,3788,,,,,,,TIPO_MOTIVO1__ALL_N1,,,,,,
IT1:68_161_DF_DCCV_TURANN_NO_TURAN_CAPI_1(1.0),A,IT,DEM_NOPTOUR_ABS_ANN_1,ALL,HOL,ALL,9,Y35-44,2023,3619,,,,,,,TIPO_MOTIVO1__ALL_N1,,,,,,
IT1:68_161_DF_DCCV_TURANN_NO_TURAN_CAPI_1(1.0),A,IT,DEM_NOPTOUR_ABS_ANN_1,ALL,HOL,ALL,9,Y45-54,2018,4835,,,,,,,TIPO_MOTIVO1__ALL_N1,,,,,,
IT1:68_161_DF_DCCV_TURANN_NO_TURAN_CAPI_1(1.0),A,IT,DEM_NOPTOUR_ABS_ANN_1,ALL,HOL,ALL,9,Y45-54,2019,4920,,,,,,,TIPO_MOTIVO1__ALL_N1,,,,,,
IT1:68_161_DF_DCCV_TURANN_NO_TURAN_CAPI_1(1.0),A,IT,DEM_NOPTOUR_ABS_ANN_1,ALL,HOL,ALL,9,Y45-54,2020,6478,,,,,,,TIPO_MOTIVO1__ALL_N1,,,,,,
IT1:68_161_DF_DCCV_TURANN_NO_TURAN_CAPI_1(1.0),A,IT,DEM_NOPTOUR_ABS_ANN_1,ALL,HOL,ALL,9,Y45-54,2021,6131,,,,,,,TIPO_MOTIVO1__ALL_N1,,,,,,
IT1:68_161_DF_DCCV_TURANN_NO_TURAN_CAPI_1(1.0),A,IT,DEM_NOPTOUR_ABS_ANN_1,ALL,HOL,ALL,9,Y45-54,2022,4777,,,,,,,TIPO_MOTIVO1__ALL_N1,,,,,,
IT1:68_161_DF_DCCV_TURANN_NO_TURAN_CAPI_1(1.0),A,IT,DEM_NOPTOUR_ABS_ANN_1,ALL,HOL,ALL,9,Y45-54,2023,4765,,,,,,,TIPO_MOTIVO1__ALL_N1,,,,,,
IT1:68_161_DF_DCCV_TURANN_NO_TURAN_CAPI_1(1.0),A,IT,DEM_NOPTOUR_ABS_ANN_1,ALL,HOL,ALL,9,Y55-64,2018,4146,,,,,,,TIPO_MOTIVO1__ALL_N1,,,,,,
IT1:68_161_DF_DCCV_TURANN_NO_TURAN_CAPI_1(1.0),A,IT,DEM_NOPTOUR_ABS_ANN_1,ALL,HOL,ALL,9,Y55-64,2019,4464,,,,,,,TIPO_MOTIVO1__ALL_N1,,,,,,
IT1:68_161_DF_DCCV_TURANN_NO_TURAN_CAPI_1(1.0),A,IT,DEM_NOPTOUR_ABS_ANN_1,ALL,HOL,ALL,9,Y55-64,2020,6489,,,,,,,TIPO_MOTIVO1__ALL_N1,,,,,,
IT1:68_161_DF_DCCV_TURANN_NO_TURAN_CAPI_1(1.0),A,IT,DEM_NOPTOUR_ABS_ANN_1,ALL,HOL,ALL,9,Y55-64,2021,5677,,,,,,,TIPO_MOTIVO1__ALL_N1,,,,,,
IT1:68_161_DF_DCCV_TURANN_NO_TURAN_CAPI_1(1.0),A,IT,DEM_NOPTOUR_ABS_ANN_1,ALL,HOL,ALL,9,Y55-64,2022,5250,,,,,,,TIPO_MOTIVO1__ALL_N1,,,,,,
IT1:68_161_DF_DCCV_TURANN_NO_TURAN_CAPI_1(1.0),A,IT,DEM_NOPTOUR_ABS_ANN_1,ALL,HOL,ALL,9,Y55-64,2023,5522,,,,,,,TIPO_MOTIVO1__ALL_N1,,,,,,
IT1:68_161_DF_DCCV_TURANN_NO_TURAN_CAPI_1(1.0),A,IT,DEM_NOPTOUR_ABS_ANN_1,ALL,HOL,EDUC_WORK,1,Y_GE15,2018,3048,,,,,,,,,,,,,
IT1:68_161_DF_DCCV_TURANN_NO_TURAN_CAPI_1(1.0),A,IT,DEM_NOPTOUR_ABS_ANN_1,ALL,HOL,EDUC_WORK,1,Y_GE15,2019,3170,,,,,,,,,,,,,
IT1:68_161_DF_DCCV_TURANN_NO_TURAN_CAPI_1(1.0),A,IT,DEM_NOPTOUR_ABS_ANN_1,ALL,HOL,EDUC_WORK,1,Y_GE15,2020,2187,,,,,,,,,,,,,
IT1:68_161_DF_DCCV_TURANN_NO_TURAN_CAPI_1(1.0),A,IT,DEM_NOPTOUR_ABS_ANN_1,ALL,HOL,EDUC_WORK,1,Y_GE15,2021,3181,,,,,,,,,,,,,
IT1:68_161_DF_DCCV_TURANN_NO_TURAN_CAPI_1(1.0),A,IT,DEM_NOPTOUR_ABS_ANN_1,ALL,HOL,EDUC_WORK,1,Y_GE15,2022,3592,,,,,,,,,,,,,
IT1:68_161_DF_DCCV_TURANN_NO_TURAN_CAPI_1(1.0),A,IT,DEM_NOPTOUR_ABS_ANN_1,ALL,HOL,EDUC_WORK,1,Y_GE15,2023,4195,,,,,,,,,,,,,
IT1:68_161_DF_DCCV_TURANN_NO_TURAN_CAPI_1(1.0),A,IT,DEM_NOPTOUR_ABS_ANN_1,ALL,HOL,EDUC_WORK,2,Y_GE15,2018,2408,,,,,,,,,,,,,
IT1:68_161_DF_DCCV_TURANN_NO_TURAN_CAPI_1(1.0),A,IT,DEM_NOPTOUR_ABS_ANN_1,ALL,HOL,EDUC_WORK,2,Y_GE15,2019,2229,,,,,,,,,,,,,
IT1:68_161_DF_DCCV_TURANN_NO_TURAN_CAPI_1(1.0),A,IT,DEM_NOPTOUR_ABS_ANN_1,ALL,HOL,EDUC_WORK,2,Y_GE15,2020,1549,,,,,,,,,,,,,
IT1:68_161_DF_DCCV_TURANN_NO_TURAN_CAPI_1(1.0),A,IT,DEM_NOPTOUR_ABS_ANN_1,ALL,HOL,EDUC_WORK,2,Y_GE15,2021,2238,,,,,,,,,,,,,
IT1:68_161_DF_DCCV_TURANN_NO_TURAN_CAPI_1(1.0),A,IT,DEM_NOPTOUR_ABS_ANN_1,ALL,HOL,EDUC_WORK,2,Y_GE15,2022,2517,,,,,,,,,,,,,
IT1:68_161_DF_DCCV_TURANN_NO_TURAN_CAPI_1(1.0),A,IT,DEM_NOPTOUR_ABS_ANN_1,ALL,HOL,EDUC_WORK,2,Y_GE15,2023,3124,,,,,,,,,,,,,
IT1:68_161_DF_DCCV_TURANN_NO_TURAN_CAPI_1(1.0),A,IT,DEM_NOPTOUR_ABS_ANN_1,ALL,HOL,EDUC_WORK,9,Y_GE15,2018,5456,,,,,,,,,,,,,
IT1:68_161_DF_DCCV_TURANN_NO_TURAN_CAPI_1(1.0),A,IT,DEM_NOPTOUR_ABS_ANN_1,ALL,HOL,EDUC_WORK,9,Y_GE15,2019,5398,,,,,,,,,,,,,
IT1:68_161_DF_DCCV_TURANN_NO_TURAN_CAPI_1(1.0),A,IT,DEM_NOPTOUR_ABS_ANN_1,ALL,HOL,EDUC_WORK,9,Y_GE15,2020,3736,,,,,,,,,,,,,
IT1:68_161_DF_DCCV_TURANN_NO_TURAN_CAPI_1(1.0),A,IT,DEM_NOPTOUR_ABS_ANN_1,ALL,HOL,EDUC_WORK,9,Y_GE15,2021,5419,,,,,,,,,,,,,
IT1:68_161_DF_DCCV_TURANN_NO_TURAN_CAPI_1(1.0),A,IT,DEM_NOPTOUR_ABS_ANN_1,ALL,HOL,EDUC_WORK,9,Y_GE15,2022,6109,,,,,,,,,,,,,
IT1:68_161_DF_DCCV_TURANN_NO_TURAN_CAPI_1(1.0),A,IT,DEM_NOPTOUR_ABS_ANN_1,ALL,HOL,EDUC_WORK,9,Y_GE15,2023,7318,,,,,,,,,,,,,
IT1:68_161_DF_DCCV_TURANN_NO_TURAN_CAPI_1(1.0),A,IT,DEM_NOPTOUR_ABS_ANN_1,ALL,HOL,EDUC_WORK,9,Y_GE65,2018,266,,,,,,,,,,,,,
IT1:68_161_DF_DCCV_TURANN_NO_TURAN_CAPI_1(1.0),A,IT,DEM_NOPTOUR_ABS_ANN_1,ALL,HOL,EDUC_WORK,9,Y_GE65,2019,175,,,,,,,,,,,,,
IT1:68_161_DF_DCCV_TURANN_NO_TURAN_CAPI_1(1.0),A,IT,DEM_NOPTOUR_ABS_ANN_1,ALL,HOL,EDUC_WORK,9,Y_GE65,2020,162,,,,,,,,,,,,,
IT1:68_161_DF_DCCV_TURANN_NO_TURAN_CAPI_1(1.0),A,IT,DEM_NOPTOUR_ABS_ANN_1,ALL,HOL,EDUC_WORK,9,Y_GE65,2021,220,,,,,,,,,,,,,
IT1:68_161_DF_DCCV_TURANN_NO_TURAN_CAPI_1(1.0),A,IT,DEM_NOPTOUR_ABS_ANN_1,ALL,HOL,EDUC_WORK,9,Y_GE65,2022,274,,,,,,,,,,,,,
IT1:68_161_DF_DCCV_TURANN_NO_TURAN_CAPI_1(1.0),A,IT,DEM_NOPTOUR_ABS_ANN_1,ALL,HOL,EDUC_WORK,9,Y_GE65,2023,350,,,,,,,,,,,,,
IT1:68_161_DF_DCCV_TURANN_NO_TURAN_CAPI_1(1.0),A,IT,DEM_NOPTOUR_ABS_ANN_1,ALL,HOL,EDUC_WORK,9,Y15-24,2018,1147,,,,,,,,,,,,,
IT1:68_161_DF_DCCV_TURANN_NO_TURAN_CAPI_1(1.0),A,IT,DEM_NOPTOUR_ABS_ANN_1,ALL,HOL,EDUC_WORK,9,Y15-24,2019,1098,,,,,,,,,,,,,
IT1:68_161_DF_DCCV_TURANN_NO_TURAN_CAPI_1(1.0),A,IT,DEM_NOPTOUR_ABS_ANN_1,ALL,HOL,EDUC_WORK,9,Y15-24,2020,705,,,,,,,,,,,,,
IT1:68_161_DF_DCCV_TURANN_NO_TURAN_CAPI_1(1.0),A,IT,DEM_NOPTOUR_ABS_ANN_1,ALL,HOL,EDUC_WORK,9,Y15-24,2021,1004,,,,,,,,,,,,,
IT1:68_161_DF_DCCV_TURANN_NO_TURAN_CAPI_1(1.0),A,IT,DEM_NOPTOUR_ABS_ANN_1,ALL,HOL,EDUC_WORK,9,Y15-24,2022,1153,,,,,,,,,,,,,
IT1:68_161_DF_DCCV_TURANN_NO_TURAN_CAPI_1(1.0),A,IT,DEM_NOPTOUR_ABS_ANN_1,ALL,HOL,EDUC_WORK,9,Y15-24,2023,1447,,,,,,,,,,,,,
IT1:68_161_DF_DCCV_TURANN_NO_TURAN_CAPI_1(1.0),A,IT,DEM_NOPTOUR_ABS_ANN_1,ALL,HOL,EDUC_WORK,9,Y15-34,2018,2087,,,,,,,,,,,,,
IT1:68_161_DF_DCCV_TURANN_NO_TURAN_CAPI_1(1.0),A,IT,DEM_NOPTOUR_ABS_ANN_1,ALL,HOL,EDUC_WORK,9,Y15-34,2019,1956,,,,,,,,,,,,,
IT1:68_161_DF_DCCV_TURANN_NO_TURAN_CAPI_1(1.0),A,IT,DEM_NOPTOUR_ABS_ANN_1,ALL,HOL,EDUC_WORK,9,Y15-34,2020,1313,,,,,,,,,,,,,
IT1:68_161_DF_DCCV_TURANN_NO_TURAN_CAPI_1(1.0),A,IT,DEM_NOPTOUR_ABS_ANN_1,ALL,HOL,EDUC_WORK,9,Y15-34,2021,2035,,,,,,,,,,,,,
IT1:68_161_DF_DCCV_TURANN_NO_TURAN_CAPI_1(1.0),A,IT,DEM_NOPTOUR_ABS_ANN_1,ALL,HOL,EDUC_WORK,9,Y15-34,2022,2048,,,,,,,,,,,,,
IT1:68_161_DF_DCCV_TURANN_NO_TURAN_CAPI_1(1.0),A,IT,DEM_NOPTOUR_ABS_ANN_1,ALL,HOL,EDUC_WORK,9,Y15-34,2023,2516,,,,,,,,,,,,,
IT1:68_161_DF_DCCV_TURANN_NO_TURAN_CAPI_1(1.0),A,IT,DEM_NOPTOUR_ABS_ANN_1,ALL,HOL,EDUC_WORK,9,Y25-34,2018,939,,,,,,,,,,,,,
IT1:68_161_DF_DCCV_TURANN_NO_TURAN_CAPI_1(1.0),A,IT,DEM_NOPTOUR_ABS_ANN_1,ALL,HOL,EDUC_WORK,9,Y25-34,2019,858,,,,,,,,,,,,,
IT1:68_161_DF_DCCV_TURANN_NO_TURAN_CAPI_1(1.0),A,IT,DEM_NOPTOUR_ABS_ANN_1,ALL,HOL,EDUC_WORK,9,Y25-34,2020,609,,,,,,,,,,,,,
IT1:68_161_DF_DCCV_TURANN_NO_TURAN_CAPI_1(1.0),A,IT,DEM_NOPTOUR_ABS_ANN_1,ALL,HOL,EDUC_WORK,9,Y25-34,2021,1031,,,,,,,,,,,,,
IT1:68_161_DF_DCCV_TURANN_NO_TURAN_CAPI_1(1.0),A,IT,DEM_NOPTOUR_ABS_ANN_1,ALL,HOL,EDUC_WORK,9,Y25-34,2022,895,,,,,,,,,,,,,
IT1:68_161_DF_DCCV_TURANN_NO_TURAN_CAPI_1(1.0),A,IT,DEM_NOPTOUR_ABS_ANN_1,ALL,HOL,EDUC_WORK,9,Y25-34,2023,1069,,,,,,,,,,,,,
IT1:68_161_DF_DCCV_TURANN_NO_TURAN_CAPI_1(1.0),A,IT,DEM_NOPTOUR_ABS_ANN_1,ALL,HOL,EDUC_WORK,9,Y35-44,2018,1095,,,,,,,,,,,,,
IT1:68_161_DF_DCCV_TURANN_NO_TURAN_CAPI_1(1.0),A,IT,DEM_NOPTOUR_ABS_ANN_1,ALL,HOL,EDUC_WORK,9,Y35-44,2019,1061,,,,,,,,,,,,,
IT1:68_161_DF_DCCV_TURANN_NO_TURAN_CAPI_1(1.0),A,IT,DEM_NOPTOUR_ABS_ANN_1,ALL,HOL,EDUC_WORK,9,Y35-44,2020,876,,,,,,,,,,,,,
IT1:68_161_DF_DCCV_TURANN_NO_TURAN_CAPI_1(1.0),A,IT,DEM_NOPTOUR_ABS_ANN_1,ALL,HOL,EDUC_WORK,9,Y35-44,2021,873,,,,,,,,,,,,,
IT1:68_161_DF_DCCV_TURANN_NO_TURAN_CAPI_1(1.0),A,IT,DEM_NOPTOUR_ABS_ANN_1,ALL,HOL,EDUC_WORK,9,Y35-44,2022,1204,,,,,,,,,,,,,
IT1:68_161_DF_DCCV_TURANN_NO_TURAN_CAPI_1(1.0),A,IT,DEM_NOPTOUR_ABS_ANN_1,ALL,HOL,EDUC_WORK,9,Y35-44,2023,1224,,,,,,,,,,,,,
IT1:68_161_DF_DCCV_TURANN_NO_TURAN_CAPI_1(1.0),A,IT,DEM_NOPTOUR_ABS_ANN_1,ALL,HOL,EDUC_WORK,9,Y45-54,2018,1267,,,,,,,,,,,,,
IT1:68_161_DF_DCCV_TURANN_NO_TURAN_CAPI_1(1.0),A,IT,DEM_NOPTOUR_ABS_ANN_1,ALL,HOL,EDUC_WORK,9,Y45-54,2019,1348,,,,,,,,,,,,,
IT1:68_161_DF_DCCV_TURANN_NO_TURAN_CAPI_1(1.0),A,IT,DEM_NOPTOUR_ABS_ANN_1,ALL,HOL,EDUC_WORK,9,Y45-54,2020,767,,,,,,,,,,,,,
IT1:68_161_DF_DCCV_TURANN_NO_TURAN_CAPI_1(1.0),A,IT,DEM_NOPTOUR_ABS_ANN_1,ALL,HOL,EDUC_WORK,9,Y45-54,2021,1456,,,,,,,,,,,,,
IT1:68_161_DF_DCCV_TURANN_NO_TURAN_CAPI_1(1.0),A,IT,DEM_NOPTOUR_ABS_ANN_1,ALL,HOL,EDUC_WORK,9,Y45-54,2022,1529,,,,,,,,,,,,,
IT1:68_161_DF_DCCV_TURANN_NO_TURAN_CAPI_1(1.0),A,IT,DEM_NOPTOUR_ABS_ANN_1,ALL,HOL,EDUC_WORK,9,Y45-54,2023,1775,,,,,,,,,,,,,
IT1:68_161_DF_DCCV_TURANN_NO_TURAN_CAPI_1(1.0),A,IT,DEM_NOPTOUR_ABS_ANN_1,ALL,HOL,EDUC_WORK,9,Y55-64,2018,741,,,,,,,,,,,,,
IT1:68_161_DF_DCCV_TURANN_NO_TURAN_CAPI_1(1.0),A,IT,DEM_NOPTOUR_ABS_ANN_1,ALL,HOL,EDUC_WORK,9,Y55-64,2019,858,,,,,,,,,,,,,
IT1:68_161_DF_DCCV_TURANN_NO_TURAN_CAPI_1(1.0),A,IT,DEM_NOPTOUR_ABS_ANN_1,ALL,HOL,EDUC_WORK,9,Y55-64,2020,618,,,,,,,,,,,,,
IT1:68_161_DF_DCCV_TURANN_NO_TURAN_CAPI_1(1.0),A,IT,DEM_NOPTOUR_ABS_ANN_1,ALL,HOL,EDUC_WORK,9,Y55-64,2021,835,,,,,,,,,,,,,
IT1:68_161_DF_DCCV_TURANN_NO_TURAN_CAPI_1(1.0),A,IT,DEM_NOPTOUR_ABS_ANN_1,ALL,HOL,EDUC_WORK,9,Y55-64,2022,1053,,,,,,,,,,,,,
IT1:68_161_DF_DCCV_TURANN_NO_TURAN_CAPI_1(1.0),A,IT,DEM_NOPTOUR_ABS_ANN_1,ALL,HOL,EDUC_WORK,9,Y55-64,2023,1453,,,,,,,,,,,,,
IT1:68_161_DF_DCCV_TURANN_NO_TURAN_CAPI_1(1.0),A,IT,DEM_NOPTOUR_ABS_ANN_1,ALL,HOL,EMER,1,Y_GE15,2020,9766,,,,,,,,,,,,,
IT1:68_161_DF_DCCV_TURANN_NO_TURAN_CAPI_1(1.0),A,IT,DEM_NOPTOUR_ABS_ANN_1,ALL,HOL,EMER,1,Y_GE15,2021,5649,,,,,,,,,,,,,
IT1:68_161_DF_DCCV_TURANN_NO_TURAN_CAPI_1(1.0),A,IT,DEM_NOPTOUR_ABS_ANN_1,ALL,HOL,EMER,1,Y_GE15,2022,281,,,,,,,,,,,,,
IT1:68_161_DF_DCCV_TURANN_NO_TURAN_CAPI_1(1.0),A,IT,DEM_NOPTOUR_ABS_ANN_1,ALL,HOL,EMER,2,Y_GE15,2020,10659,,,,,,,,,,,,,
IT1:68_161_DF_DCCV_TURANN_NO_TURAN_CAPI_1(1.0),A,IT,DEM_NOPTOUR_ABS_ANN_1,ALL,HOL,EMER,2,Y_GE15,2021,6344,,,,,,,,,,,,,
IT1:68_161_DF_DCCV_TURANN_NO_TURAN_CAPI_1(1.0),A,IT,DEM_NOPTOUR_ABS_ANN_1,ALL,HOL,EMER,2,Y_GE15,2022,339,,,,,,,,,,,,,
IT1:68_161_DF_DCCV_TURANN_NO_TURAN_CAPI_1(1.0),A,IT,DEM_NOPTOUR_ABS_ANN_1,ALL,HOL,EMER,9,Y_GE15,2020,20425,,,,,,,,,,,,,
IT1:68_161_DF_DCCV_TURANN_NO_TURAN_CAPI_1(1.0),A,IT,DEM_NOPTOUR_ABS_ANN_1,ALL,HOL,EMER,9,Y_GE15,2021,11993,,,,,,,,,,,,,
IT1:68_161_DF_DCCV_TURANN_NO_TURAN_CAPI_1(1.0),A,IT,DEM_NOPTOUR_ABS_ANN_1,ALL,HOL,EMER,9,Y_GE15,2022,619,,,,,,,,,,,,,
IT1:68_161_DF_DCCV_TURANN_NO_TURAN_CAPI_1(1.0),A,IT,DEM_NOPTOUR_ABS_ANN_1,ALL,HOL,EMER,9,Y_GE65,2020,5557,,,,,,,,,,,,,
IT1:68_161_DF_DCCV_TURANN_NO_TURAN_CAPI_1(1.0),A,IT,DEM_NOPTOUR_ABS_ANN_1,ALL,HOL,EMER,9,Y_GE65,2021,4007,,,,,,,,,,,,,
IT1:68_161_DF_DCCV_TURANN_NO_TURAN_CAPI_1(1.0),A,IT,DEM_NOPTOUR_ABS_ANN_1,ALL,HOL,EMER,9,Y_GE65,2022,305,,,,,,,,,,,,,
IT1:68_161_DF_DCCV_TURANN_NO_TURAN_CAPI_1(1.0),A,IT,DEM_NOPTOUR_ABS_ANN_1,ALL,HOL,EMER,9,Y15-24,2020,2347,,,,,,,,,,,,,
IT1:68_161_DF_DCCV_TURANN_NO_TURAN_CAPI_1(1.0),A,IT,DEM_NOPTOUR_ABS_ANN_1,ALL,HOL,EMER,9,Y15-24,2021,1196,,,,,,,,,,,,,
IT1:68_161_DF_DCCV_TURANN_NO_TURAN_CAPI_1(1.0),A,IT,DEM_NOPTOUR_ABS_ANN_1,ALL,HOL,EMER,9,Y15-24,2022,29,,,,,,,,,,,,,
IT1:68_161_DF_DCCV_TURANN_NO_TURAN_CAPI_1(1.0),A,IT,DEM_NOPTOUR_ABS_ANN_1,ALL,HOL,EMER,9,Y15-34,2020,4510,,,,,,,,,,,,,
IT1:68_161_DF_DCCV_TURANN_NO_TURAN_CAPI_1(1.0),A,IT,DEM_NOPTOUR_ABS_ANN_1,ALL,HOL,EMER,9,Y15-34,2021,2438,,,,,,,,,,,,,
IT1:68_161_DF_DCCV_TURANN_NO_TURAN_CAPI_1(1.0),A,IT,DEM_NOPTOUR_ABS_ANN_1,ALL,HOL,EMER,9,Y15-34,2022,78,,,,,,,,,,,,,
IT1:68_161_DF_DCCV_TURANN_NO_TURAN_CAPI_1(1.0),A,IT,DEM_NOPTOUR_ABS_ANN_1,ALL,HOL,EMER,9,Y25-34,2020,2162,,,,,,,,,,,,,
IT1:68_161_DF_DCCV_TURANN_NO_TURAN_CAPI_1(1.0),A,IT,DEM_NOPTOUR_ABS_ANN_1,ALL,HOL,EMER,9,Y25-34,2021,1243,,,,,,,,,,,,,
IT1:68_161_DF_DCCV_TURANN_NO_TURAN_CAPI_1(1.0),A,IT,DEM_NOPTOUR_ABS_ANN_1,ALL,HOL,EMER,9,Y25-34,2022,49,,,,,,,,,,,,,
IT1:68_161_DF_DCCV_TURANN_NO_TURAN_CAPI_1(1.0),A,IT,DEM_NOPTOUR_ABS_ANN_1,ALL,HOL,EMER,9,Y35-44,2020,3078,,,,,,,,,,,,,
IT1:68_161_DF_DCCV_TURANN_NO_TURAN_CAPI_1(1.0),A,IT,DEM_NOPTOUR_ABS_ANN_1,ALL,HOL,EMER,9,Y35-44,2021,1523,,,,,,,,,,,,,
IT1:68_161_DF_DCCV_TURANN_NO_TURAN_CAPI_1(1.0),A,IT,DEM_NOPTOUR_ABS_ANN_1,ALL,HOL,EMER,9,Y35-44,2022,84,,,,,,,,,,,,,
IT1:68_161_DF_DCCV_TURANN_NO_TURAN_CAPI_1(1.0),A,IT,DEM_NOPTOUR_ABS_ANN_1,ALL,HOL,EMER,9,Y45-54,2020,3672,,,,,,,,,,,,,
IT1:68_161_DF_DCCV_TURANN_NO_TURAN_CAPI_1(1.0),A,IT,DEM_NOPTOUR_ABS_ANN_1,ALL,HOL,EMER,9,Y45-54,2021,2024,,,,,,,,,,,,,
IT1:68_161_DF_DCCV_TURANN_NO_TURAN_CAPI_1(1.0),A,IT,DEM_NOPTOUR_ABS_ANN_1,ALL,HOL,EMER,9,Y45-54,2022,65,,,,,,,,,,,,,
IT1:68_161_DF_DCCV_TURANN_NO_TURAN_CAPI_1(1.0),A,IT,DEM_NOPTOUR_ABS_ANN_1,ALL,HOL,EMER,9,Y55-64,2020,3609,,,,,,,,,,,,,
IT1:68_161_DF_DCCV_TURANN_NO_TURAN_CAPI_1(1.0),A,IT,DEM_NOPTOUR_ABS_ANN_1,ALL,HOL,EMER,9,Y55-64,2021,2000,,,,,,,,,,,,,
IT1:68_161_DF_DCCV_TURANN_NO_TURAN_CAPI_1(1.0),A,IT,DEM_NOPTOUR_ABS_ANN_1,ALL,HOL,EMER,9,Y55-64,2022,88,,,,,,,,,,,,,
IT1:68_161_DF_DCCV_TURANN_NO_TURAN_CAPI_1(1.0),A,IT,DEM_NOPTOUR_ABS_ANN_1,ALL,HOL,FAM_REAS,1,Y_GE15,2018,1499,,,,,,,,,,,,,
IT1:68_161_DF_DCCV_TURANN_NO_TURAN_CAPI_1(1.0),A,IT,DEM_NOPTOUR_ABS_ANN_1,ALL,HOL,FAM_REAS,1,Y_GE15,2019,1641,,,,,,,,,,,,,
IT1:68_161_DF_DCCV_TURANN_NO_TURAN_CAPI_1(1.0),A,IT,DEM_NOPTOUR_ABS_ANN_1,ALL,HOL,FAM_REAS,1,Y_GE15,2020,1249,,,,,,,,,,,,,
IT1:68_161_DF_DCCV_TURANN_NO_TURAN_CAPI_1(1.0),A,IT,DEM_NOPTOUR_ABS_ANN_1,ALL,HOL,FAM_REAS,1,Y_GE15,2021,1422,,,,,,,,,,,,,
IT1:68_161_DF_DCCV_TURANN_NO_TURAN_CAPI_1(1.0),A,IT,DEM_NOPTOUR_ABS_ANN_1,ALL,HOL,FAM_REAS,1,Y_GE15,2022,1764,,,,,,,,,,,,,
IT1:68_161_DF_DCCV_TURANN_NO_TURAN_CAPI_1(1.0),A,IT,DEM_NOPTOUR_ABS_ANN_1,ALL,HOL,FAM_REAS,1,Y_GE15,2023,1858,,,,,,,,,,,,,
IT1:68_161_DF_DCCV_TURANN_NO_TURAN_CAPI_1(1.0),A,IT,DEM_NOPTOUR_ABS_ANN_1,ALL,HOL,FAM_REAS,2,Y_GE15,2018,2219,,,,,,,,,,,,,
IT1:68_161_DF_DCCV_TURANN_NO_TURAN_CAPI_1(1.0),A,IT,DEM_NOPTOUR_ABS_ANN_1,ALL,HOL,FAM_REAS,2,Y_GE15,2019,2257,,,,,,,,,,,,,
IT1:68_161_DF_DCCV_TURANN_NO_TURAN_CAPI_1(1.0),A,IT,DEM_NOPTOUR_ABS_ANN_1,ALL,HOL,FAM_REAS,2,Y_GE15,2020,1756,,,,,,,,,,,,,
IT1:68_161_DF_DCCV_TURANN_NO_TURAN_CAPI_1(1.0),A,IT,DEM_NOPTOUR_ABS_ANN_1,ALL,HOL,FAM_REAS,2,Y_GE15,2021,1843,,,,,,,,,,,,,
IT1:68_161_DF_DCCV_TURANN_NO_TURAN_CAPI_1(1.0),A,IT,DEM_NOPTOUR_ABS_ANN_1,ALL,HOL,FAM_REAS,2,Y_GE15,2022,2512,,,,,,,,,,,,,
IT1:68_161_DF_DCCV_TURANN_NO_TURAN_CAPI_1(1.0),A,IT,DEM_NOPTOUR_ABS_ANN_1,ALL,HOL,FAM_REAS,2,Y_GE15,2023,2760,,,,,,,,,,,,,
IT1:68_161_DF_DCCV_TURANN_NO_TURAN_CAPI_1(1.0),A,IT,DEM_NOPTOUR_ABS_ANN_1,ALL,HOL,FAM_REAS,9,Y_GE15,2018,3718,,,,,,,,,,,,,
IT1:68_161_DF_DCCV_TURANN_NO_TURAN_CAPI_1(1.0),A,IT,DEM_NOPTOUR_ABS_ANN_1,ALL,HOL,FAM_REAS,9,Y_GE15,2019,3898,,,,,,,,,,,,,
IT1:68_161_DF_DCCV_TURANN_NO_TURAN_CAPI_1(1.0),A,IT,DEM_NOPTOUR_ABS_ANN_1,ALL,HOL,FAM_REAS,9,Y_GE15,2020,3005,,,,,,,,,,,,,
IT1:68_161_DF_DCCV_TURANN_NO_TURAN_CAPI_1(1.0),A,IT,DEM_NOPTOUR_ABS_ANN_1,ALL,HOL,FAM_REAS,9,Y_GE15,2021,3266,,,,,,,,,,,,,
IT1:68_161_DF_DCCV_TURANN_NO_TURAN_CAPI_1(1.0),A,IT,DEM_NOPTOUR_ABS_ANN_1,ALL,HOL,FAM_REAS,9,Y_GE15,2022,4276,,,,,,,,,,,,,
IT1:68_161_DF_DCCV_TURANN_NO_TURAN_CAPI_1(1.0),A,IT,DEM_NOPTOUR_ABS_ANN_1,ALL,HOL,FAM_REAS,9,Y_GE15,2023,4619,,,,,,,,,,,,,
IT1:68_161_DF_DCCV_TURANN_NO_TURAN_CAPI_1(1.0),A,IT,DEM_NOPTOUR_ABS_ANN_1,ALL,HOL,FAM_REAS,9,Y_GE65,2018,1563,,,,,,,,,,,,,
IT1:68_161_DF_DCCV_TURANN_NO_TURAN_CAPI_1(1.0),A,IT,DEM_NOPTOUR_ABS_ANN_1,ALL,HOL,FAM_REAS,9,Y_GE65,2019,1344,,,,,,,,,,,,,
IT1:68_161_DF_DCCV_TURANN_NO_TURAN_CAPI_1(1.0),A,IT,DEM_NOPTOUR_ABS_ANN_1,ALL,HOL,FAM_REAS,9,Y_GE65,2020,976,,,,,,,,,,,,,
IT1:68_161_DF_DCCV_TURANN_NO_TURAN_CAPI_1(1.0),A,IT,DEM_NOPTOUR_ABS_ANN_1,ALL,HOL,FAM_REAS,9,Y_GE65,2021,1234,,,,,,,,,,,,,
IT1:68_161_DF_DCCV_TURANN_NO_TURAN_CAPI_1(1.0),A,IT,DEM_NOPTOUR_ABS_ANN_1,ALL,HOL,FAM_REAS,9,Y_GE65,2022,1634,,,,,,,,,,,,,
IT1:68_161_DF_DCCV_TURANN_NO_TURAN_CAPI_1(1.0),A,IT,DEM_NOPTOUR_ABS_ANN_1,ALL,HOL,FAM_REAS,9,Y_GE65,2023,1865,,,,,,,,,,,,,
IT1:68_161_DF_DCCV_TURANN_NO_TURAN_CAPI_1(1.0),A,IT,DEM_NOPTOUR_ABS_ANN_1,ALL,HOL,FAM_REAS,9,Y15-24,2018,301,,,,,,,,,,,,,
IT1:68_161_DF_DCCV_TURANN_NO_TURAN_CAPI_1(1.0),A,IT,DEM_NOPTOUR_ABS_ANN_1,ALL,HOL,FAM_REAS,9,Y15-24,2019,345,,,,,,,,,,,,,
IT1:68_161_DF_DCCV_TURANN_NO_TURAN_CAPI_1(1.0),A,IT,DEM_NOPTOUR_ABS_ANN_1,ALL,HOL,FAM_REAS,9,Y15-24,2020,320,,,,,,,,,,,,,
IT1:68_161_DF_DCCV_TURANN_NO_TURAN_CAPI_1(1.0),A,IT,DEM_NOPTOUR_ABS_ANN_1,ALL,HOL,FAM_REAS,9,Y15-24,2021,248,,,,,,,,,,,,,
IT1:68_161_DF_DCCV_TURANN_NO_TURAN_CAPI_1(1.0),A,IT,DEM_NOPTOUR_ABS_ANN_1,ALL,HOL,FAM_REAS,9,Y15-24,2022,409,,,,,,,,,,,,,
IT1:68_161_DF_DCCV_TURANN_NO_TURAN_CAPI_1(1.0),A,IT,DEM_NOPTOUR_ABS_ANN_1,ALL,HOL,FAM_REAS,9,Y15-24,2023,343,,,,,,,,,,,,,
IT1:68_161_DF_DCCV_TURANN_NO_TURAN_CAPI_1(1.0),A,IT,DEM_NOPTOUR_ABS_ANN_1,ALL,HOL,FAM_REAS,9,Y15-34,2018,616,,,,,,,,,,,,,
IT1:68_161_DF_DCCV_TURANN_NO_TURAN_CAPI_1(1.0),A,IT,DEM_NOPTOUR_ABS_ANN_1,ALL,HOL,FAM_REAS,9,Y15-34,2019,654,,,,,,,,,,,,,
IT1:68_161_DF_DCCV_TURANN_NO_TURAN_CAPI_1(1.0),A,IT,DEM_NOPTOUR_ABS_ANN_1,ALL,HOL,FAM_REAS,9,Y15-34,2020,607,,,,,,,,,,,,,
IT1:68_161_DF_DCCV_TURANN_NO_TURAN_CAPI_1(1.0),A,IT,DEM_NOPTOUR_ABS_ANN_1,ALL,HOL,FAM_REAS,9,Y15-34,2021,522,,,,,,,,,,,,,
IT1:68_161_DF_DCCV_TURANN_NO_TURAN_CAPI_1(1.0),A,IT,DEM_NOPTOUR_ABS_ANN_1,ALL,HOL,FAM_REAS,9,Y15-34,2022,680,,,,,,,,,,,,,
IT1:68_161_DF_DCCV_TURANN_NO_TURAN_CAPI_1(1.0),A,IT,DEM_NOPTOUR_ABS_ANN_1,ALL,HOL,FAM_REAS,9,Y15-34,2023,684,,,,,,,,,,,,,
IT1:68_161_DF_DCCV_TURANN_NO_TURAN_CAPI_1(1.0),A,IT,DEM_NOPTOUR_ABS_ANN_1,ALL,HOL,FAM_REAS,9,Y25-34,2018,315,,,,,,,,,,,,,
IT1:68_161_DF_DCCV_TURANN_NO_TURAN_CAPI_1(1.0),A,IT,DEM_NOPTOUR_ABS_ANN_1,ALL,HOL,FAM_REAS,9,Y25-34,2019,309,,,,,,,,,,,,,
IT1:68_161_DF_DCCV_TURANN_NO_TURAN_CAPI_1(1.0),A,IT,DEM_NOPTOUR_ABS_ANN_1,ALL,HOL,FAM_REAS,9,Y25-34,2020,286,,,,,,,,,,,,,
IT1:68_161_DF_DCCV_TURANN_NO_TURAN_CAPI_1(1.0),A,IT,DEM_NOPTOUR_ABS_ANN_1,ALL,HOL,FAM_REAS,9,Y25-34,2021,275,,,,,,,,,,,,,
IT1:68_161_DF_DCCV_TURANN_NO_TURAN_CAPI_1(1.0),A,IT,DEM_NOPTOUR_ABS_ANN_1,ALL,HOL,FAM_REAS,9,Y25-34,2022,271,,,,,,,,,,,,,
IT1:68_161_DF_DCCV_TURANN_NO_TURAN_CAPI_1(1.0),A,IT,DEM_NOPTOUR_ABS_ANN_1,ALL,HOL,FAM_REAS,9,Y25-34,2023,340,,,,,,,,,,,,,
IT1:68_161_DF_DCCV_TURANN_NO_TURAN_CAPI_1(1.0),A,IT,DEM_NOPTOUR_ABS_ANN_1,ALL,HOL,FAM_REAS,9,Y35-44,2018,441,,,,,,,,,,,,,
IT1:68_161_DF_DCCV_TURANN_NO_TURAN_CAPI_1(1.0),A,IT,DEM_NOPTOUR_ABS_ANN_1,ALL,HOL,FAM_REAS,9,Y35-44,2019,525,,,,,,,,,,,,,
IT1:68_161_DF_DCCV_TURANN_NO_TURAN_CAPI_1(1.0),A,IT,DEM_NOPTOUR_ABS_ANN_1,ALL,HOL,FAM_REAS,9,Y35-44,2020,404,,,,,,,,,,,,,
IT1:68_161_DF_DCCV_TURANN_NO_TURAN_CAPI_1(1.0),A,IT,DEM_NOPTOUR_ABS_ANN_1,ALL,HOL,FAM_REAS,9,Y35-44,2021,439,,,,,,,,,,,,,
IT1:68_161_DF_DCCV_TURANN_NO_TURAN_CAPI_1(1.0),A,IT,DEM_NOPTOUR_ABS_ANN_1,ALL,HOL,FAM_REAS,9,Y35-44,2022,443,,,,,,,,,,,,,
IT1:68_161_DF_DCCV_TURANN_NO_TURAN_CAPI_1(1.0),A,IT,DEM_NOPTOUR_ABS_ANN_1,ALL,HOL,FAM_REAS,9,Y35-44,2023,504,,,,,,,,,,,,,
IT1:68_161_DF_DCCV_TURANN_NO_TURAN_CAPI_1(1.0),A,IT,DEM_NOPTOUR_ABS_ANN_1,ALL,HOL,FAM_REAS,9,Y45-54,2018,581,,,,,,,,,,,,,
IT1:68_161_DF_DCCV_TURANN_NO_TURAN_CAPI_1(1.0),A,IT,DEM_NOPTOUR_ABS_ANN_1,ALL,HOL,FAM_REAS,9,Y45-54,2019,708,,,,,,,,,,,,,
IT1:68_161_DF_DCCV_TURANN_NO_TURAN_CAPI_1(1.0),A,IT,DEM_NOPTOUR_ABS_ANN_1,ALL,HOL,FAM_REAS,9,Y45-54,2020,494,,,,,,,,,,,,,
IT1:68_161_DF_DCCV_TURANN_NO_TURAN_CAPI_1(1.0),A,IT,DEM_NOPTOUR_ABS_ANN_1,ALL,HOL,FAM_REAS,9,Y45-54,2021,561,,,,,,,,,,,,,
IT1:68_161_DF_DCCV_TURANN_NO_TURAN_CAPI_1(1.0),A,IT,DEM_NOPTOUR_ABS_ANN_1,ALL,HOL,FAM_REAS,9,Y45-54,2022,622,,,,,,,,,,,,,
IT1:68_161_DF_DCCV_TURANN_NO_TURAN_CAPI_1(1.0),A,IT,DEM_NOPTOUR_ABS_ANN_1,ALL,HOL,FAM_REAS,9,Y45-54,2023,584,,,,,,,,,,,,,
IT1:68_161_DF_DCCV_TURANN_NO_TURAN_CAPI_1(1.0),A,IT,DEM_NOPTOUR_ABS_ANN_1,ALL,HOL,FAM_REAS,9,Y55-64,2018,518,,,,,,,,,,,,,
IT1:68_161_DF_DCCV_TURANN_NO_TURAN_CAPI_1(1.0),A,IT,DEM_NOPTOUR_ABS_ANN_1,ALL,HOL,FAM_REAS,9,Y55-64,2019,667,,,,,,,,,,,,,
IT1:68_161_DF_DCCV_TURANN_NO_TURAN_CAPI_1(1.0),A,IT,DEM_NOPTOUR_ABS_ANN_1,ALL,HOL,FAM_REAS,9,Y55-64,2020,525,,,,,,,,,,,,,
IT1:68_161_DF_DCCV_TURANN_NO_TURAN_CAPI_1(1.0),A,IT,DEM_NOPTOUR_ABS_ANN_1,ALL,HOL,FAM_REAS,9,Y55-64,2021,510,,,,,,,,,,,,,
IT1:68_161_DF_DCCV_TURANN_NO_TURAN_CAPI_1(1.0),A,IT,DEM_NOPTOUR_ABS_ANN_1,ALL,HOL,FAM_REAS,9,Y55-64,2022,898,,,,,,,,,,,,,
IT1:68_161_DF_DCCV_TURANN_NO_TURAN_CAPI_1(1.0),A,IT,DEM_NOPTOUR_ABS_ANN_1,ALL,HOL,FAM_REAS,9,Y55-64,2023,982,,,,,,,,,,,,,
IT1:68_161_DF_DCCV_TURANN_NO_TURAN_CAPI_1(1.0),A,IT,DEM_NOPTOUR_ABS_ANN_1,ALL,HOL,FIN,1,Y_GE15,2018,6270,,,,,,,,,,,,,
IT1:68_161_DF_DCCV_TURANN_NO_TURAN_CAPI_1(1.0),A,IT,DEM_NOPTOUR_ABS_ANN_1,ALL,HOL,FIN,1,Y_GE15,2019,5647,,,,,,,,,,,,,
IT1:68_161_DF_DCCV_TURANN_NO_TURAN_CAPI_1(1.0),A,IT,DEM_NOPTOUR_ABS_ANN_1,ALL,HOL,FIN,1,Y_GE15,2020,4907,,,,,,,,,,,,,
IT1:68_161_DF_DCCV_TURANN_NO_TURAN_CAPI_1(1.0),A,IT,DEM_NOPTOUR_ABS_ANN_1,ALL,HOL,FIN,1,Y_GE15,2021,4879,,,,,,,,,,,,,
IT1:68_161_DF_DCCV_TURANN_NO_TURAN_CAPI_1(1.0),A,IT,DEM_NOPTOUR_ABS_ANN_1,ALL,HOL,FIN,1,Y_GE15,2022,5138,,,,,,,,,,,,,
IT1:68_161_DF_DCCV_TURANN_NO_TURAN_CAPI_1(1.0),A,IT,DEM_NOPTOUR_ABS_ANN_1,ALL,HOL,FIN,1,Y_GE15,2023,4683,,,,,,,,,,,,,
IT1:68_161_DF_DCCV_TURANN_NO_TURAN_CAPI_1(1.0),A,IT,DEM_NOPTOUR_ABS_ANN_1,ALL,HOL,FIN,2,Y_GE15,2018,6889,,,,,,,,,,,,,
IT1:68_161_DF_DCCV_TURANN_NO_TURAN_CAPI_1(1.0),A,IT,DEM_NOPTOUR_ABS_ANN_1,ALL,HOL,FIN,2,Y_GE15,2019,6214,,,,,,,,,,,,,
IT1:68_161_DF_DCCV_TURANN_NO_TURAN_CAPI_1(1.0),A,IT,DEM_NOPTOUR_ABS_ANN_1,ALL,HOL,FIN,2,Y_GE15,2020,5230,,,,,,,,,,,,,
IT1:68_161_DF_DCCV_TURANN_NO_TURAN_CAPI_1(1.0),A,IT,DEM_NOPTOUR_ABS_ANN_1,ALL,HOL,FIN,2,Y_GE15,2021,5526,,,,,,,,,,,,,
IT1:68_161_DF_DCCV_TURANN_NO_TURAN_CAPI_1(1.0),A,IT,DEM_NOPTOUR_ABS_ANN_1,ALL,HOL,FIN,2,Y_GE15,2022,5495,,,,,,,,,,,,,
IT1:68_161_DF_DCCV_TURANN_NO_TURAN_CAPI_1(1.0),A,IT,DEM_NOPTOUR_ABS_ANN_1,ALL,HOL,FIN,2,Y_GE15,2023,5056,,,,,,,,,,,,,
IT1:68_161_DF_DCCV_TURANN_NO_TURAN_CAPI_1(1.0),A,IT,DEM_NOPTOUR_ABS_ANN_1,ALL,HOL,FIN,9,Y_GE15,2018,13159,,,,,,,,,,,,,
IT1:68_161_DF_DCCV_TURANN_NO_TURAN_CAPI_1(1.0),A,IT,DEM_NOPTOUR_ABS_ANN_1,ALL,HOL,FIN,9,Y_GE15,2019,11861,,,,,,,,,,,,,
IT1:68_161_DF_DCCV_TURANN_NO_TURAN_CAPI_1(1.0),A,IT,DEM_NOPTOUR_ABS_ANN_1,ALL,HOL,FIN,9,Y_GE15,2020,10137,,,,,,,,,,,,,
IT1:68_161_DF_DCCV_TURANN_NO_TURAN_CAPI_1(1.0),A,IT,DEM_NOPTOUR_ABS_ANN_1,ALL,HOL,FIN,9,Y_GE15,2021,10406,,,,,,,,,,,,,
IT1:68_161_DF_DCCV_TURANN_NO_TURAN_CAPI_1(1.0),A,IT,DEM_NOPTOUR_ABS_ANN_1,ALL,HOL,FIN,9,Y_GE15,2022,10633,,,,,,,,,,,,,
IT1:68_161_DF_DCCV_TURANN_NO_TURAN_CAPI_1(1.0),A,IT,DEM_NOPTOUR_ABS_ANN_1,ALL,HOL,FIN,9,Y_GE15,2023,9739,,,,,,,,,,,,,
IT1:68_161_DF_DCCV_TURANN_NO_TURAN_CAPI_1(1.0),A,IT,DEM_NOPTOUR_ABS_ANN_1,ALL,HOL,FIN,9,Y_GE65,2018,2889,,,,,,,,,,,,,
IT1:68_161_DF_DCCV_TURANN_NO_TURAN_CAPI_1(1.0),A,IT,DEM_NOPTOUR_ABS_ANN_1,ALL,HOL,FIN,9,Y_GE65,2019,2307,,,,,,,,,,,,,
IT1:68_161_DF_DCCV_TURANN_NO_TURAN_CAPI_1(1.0),A,IT,DEM_NOPTOUR_ABS_ANN_1,ALL,HOL,FIN,9,Y_GE65,2020,1806,,,,,,,,,,,,,
IT1:68_161_DF_DCCV_TURANN_NO_TURAN_CAPI_1(1.0),A,IT,DEM_NOPTOUR_ABS_ANN_1,ALL,HOL,FIN,9,Y_GE65,2021,1940,,,,,,,,,,,,,
IT1:68_161_DF_DCCV_TURANN_NO_TURAN_CAPI_1(1.0),A,IT,DEM_NOPTOUR_ABS_ANN_1,ALL,HOL,FIN,9,Y_GE65,2022,2350,,,,,,,,,,,,,
IT1:68_161_DF_DCCV_TURANN_NO_TURAN_CAPI_1(1.0),A,IT,DEM_NOPTOUR_ABS_ANN_1,ALL,HOL,FIN,9,Y_GE65,2023,2269,,,,,,,,,,,,,
IT1:68_161_DF_DCCV_TURANN_NO_TURAN_CAPI_1(1.0),A,IT,DEM_NOPTOUR_ABS_ANN_1,ALL,HOL,FIN,9,Y15-24,2018,1502,,,,,,,,,,,,,
IT1:68_161_DF_DCCV_TURANN_NO_TURAN_CAPI_1(1.0),A,IT,DEM_NOPTOUR_ABS_ANN_1,ALL,HOL,FIN,9,Y15-24,2019,1574,,,,,,,,,,,,,
IT1:68_161_DF_DCCV_TURANN_NO_TURAN_CAPI_1(1.0),A,IT,DEM_NOPTOUR_ABS_ANN_1,ALL,HOL,FIN,9,Y15-24,2020,1558,,,,,,,,,,,,,
IT1:68_161_DF_DCCV_TURANN_NO_TURAN_CAPI_1(1.0),A,IT,DEM_NOPTOUR_ABS_ANN_1,ALL,HOL,FIN,9,Y15-24,2021,1444,,,,,,,,,,,,,
IT1:68_161_DF_DCCV_TURANN_NO_TURAN_CAPI_1(1.0),A,IT,DEM_NOPTOUR_ABS_ANN_1,ALL,HOL,FIN,9,Y15-24,2022,1527,,,,,,,,,,,,,
IT1:68_161_DF_DCCV_TURANN_NO_TURAN_CAPI_1(1.0),A,IT,DEM_NOPTOUR_ABS_ANN_1,ALL,HOL,FIN,9,Y15-24,2023,1106,,,,,,,,,,,,,
IT1:68_161_DF_DCCV_TURANN_NO_TURAN_CAPI_1(1.0),A,IT,DEM_NOPTOUR_ABS_ANN_1,ALL,HOL,FIN,9,Y15-34,2018,3236,,,,,,,,,,,,,
IT1:68_161_DF_DCCV_TURANN_NO_TURAN_CAPI_1(1.0),A,IT,DEM_NOPTOUR_ABS_ANN_1,ALL,HOL,FIN,9,Y15-34,2019,3119,,,,,,,,,,,,,
IT1:68_161_DF_DCCV_TURANN_NO_TURAN_CAPI_1(1.0),A,IT,DEM_NOPTOUR_ABS_ANN_1,ALL,HOL,FIN,9,Y15-34,2020,2950,,,,,,,,,,,,,
IT1:68_161_DF_DCCV_TURANN_NO_TURAN_CAPI_1(1.0),A,IT,DEM_NOPTOUR_ABS_ANN_1,ALL,HOL,FIN,9,Y15-34,2021,2866,,,,,,,,,,,,,
IT1:68_161_DF_DCCV_TURANN_NO_TURAN_CAPI_1(1.0),A,IT,DEM_NOPTOUR_ABS_ANN_1,ALL,HOL,FIN,9,Y15-34,2022,2552,,,,,,,,,,,,,
IT1:68_161_DF_DCCV_TURANN_NO_TURAN_CAPI_1(1.0),A,IT,DEM_NOPTOUR_ABS_ANN_1,ALL,HOL,FIN,9,Y15-34,2023,2468,,,,,,,,,,,,,
IT1:68_161_DF_DCCV_TURANN_NO_TURAN_CAPI_1(1.0),A,IT,DEM_NOPTOUR_ABS_ANN_1,ALL,HOL,FIN,9,Y25-34,2018,1735,,,,,,,,,,,,,
IT1:68_161_DF_DCCV_TURANN_NO_TURAN_CAPI_1(1.0),A,IT,DEM_NOPTOUR_ABS_ANN_1,ALL,HOL,FIN,9,Y25-34,2019,1545,,,,,,,,,,,,,
IT1:68_161_DF_DCCV_TURANN_NO_TURAN_CAPI_1(1.0),A,IT,DEM_NOPTOUR_ABS_ANN_1,ALL,HOL,FIN,9,Y25-34,2020,1393,,,,,,,,,,,,,
IT1:68_161_DF_DCCV_TURANN_NO_TURAN_CAPI_1(1.0),A,IT,DEM_NOPTOUR_ABS_ANN_1,ALL,HOL,FIN,9,Y25-34,2021,1422,,,,,,,,,,,,,
IT1:68_161_DF_DCCV_TURANN_NO_TURAN_CAPI_1(1.0),A,IT,DEM_NOPTOUR_ABS_ANN_1,ALL,HOL,FIN,9,Y25-34,2022,1024,,,,,,,,,,,,,
IT1:68_161_DF_DCCV_TURANN_NO_TURAN_CAPI_1(1.0),A,IT,DEM_NOPTOUR_ABS_ANN_1,ALL,HOL,FIN,9,Y25-34,2023,1361,,,,,,,,,,,,,
IT1:68_161_DF_DCCV_TURANN_NO_TURAN_CAPI_1(1.0),A,IT,DEM_NOPTOUR_ABS_ANN_1,ALL,HOL,FIN,9,Y35-44,2018,2134,,,,,,,,,,,,,
IT1:68_161_DF_DCCV_TURANN_NO_TURAN_CAPI_1(1.0),A,IT,DEM_NOPTOUR_ABS_ANN_1,ALL,HOL,FIN,9,Y35-44,2019,1998,,,,,,,,,,,,,
IT1:68_161_DF_DCCV_TURANN_NO_TURAN_CAPI_1(1.0),A,IT,DEM_NOPTOUR_ABS_ANN_1,ALL,HOL,FIN,9,Y35-44,2020,1481,,,,,,,,,,,,,
IT1:68_161_DF_DCCV_TURANN_NO_TURAN_CAPI_1(1.0),A,IT,DEM_NOPTOUR_ABS_ANN_1,ALL,HOL,FIN,9,Y35-44,2021,1612,,,,,,,,,,,,,
IT1:68_161_DF_DCCV_TURANN_NO_TURAN_CAPI_1(1.0),A,IT,DEM_NOPTOUR_ABS_ANN_1,ALL,HOL,FIN,9,Y35-44,2022,1695,,,,,,,,,,,,,
IT1:68_161_DF_DCCV_TURANN_NO_TURAN_CAPI_1(1.0),A,IT,DEM_NOPTOUR_ABS_ANN_1,ALL,HOL,FIN,9,Y35-44,2023,1492,,,,,,,,,,,,,
IT1:68_161_DF_DCCV_TURANN_NO_TURAN_CAPI_1(1.0),A,IT,DEM_NOPTOUR_ABS_ANN_1,ALL,HOL,FIN,9,Y45-54,2018,2678,,,,,,,,,,,,,
IT1:68_161_DF_DCCV_TURANN_NO_TURAN_CAPI_1(1.0),A,IT,DEM_NOPTOUR_ABS_ANN_1,ALL,HOL,FIN,9,Y45-54,2019,2400,,,,,,,,,,,,,
IT1:68_161_DF_DCCV_TURANN_NO_TURAN_CAPI_1(1.0),A,IT,DEM_NOPTOUR_ABS_ANN_1,ALL,HOL,FIN,9,Y45-54,2020,2100,,,,,,,,,,,,,
IT1:68_161_DF_DCCV_TURANN_NO_TURAN_CAPI_1(1.0),A,IT,DEM_NOPTOUR_ABS_ANN_1,ALL,HOL,FIN,9,Y45-54,2021,2186,,,,,,,,,,,,,
IT1:68_161_DF_DCCV_TURANN_NO_TURAN_CAPI_1(1.0),A,IT,DEM_NOPTOUR_ABS_ANN_1,ALL,HOL,FIN,9,Y45-54,2022,2025,,,,,,,,,,,,,
IT1:68_161_DF_DCCV_TURANN_NO_TURAN_CAPI_1(1.0),A,IT,DEM_NOPTOUR_ABS_ANN_1,ALL,HOL,FIN,9,Y45-54,2023,1614,,,,,,,,,,,,,
IT1:68_161_DF_DCCV_TURANN_NO_TURAN_CAPI_1(1.0),A,IT,DEM_NOPTOUR_ABS_ANN_1,ALL,HOL,FIN,9,Y55-64,2018,2221,,,,,,,,,,,,,
IT1:68_161_DF_DCCV_TURANN_NO_TURAN_CAPI_1(1.0),A,IT,DEM_NOPTOUR_ABS_ANN_1,ALL,HOL,FIN,9,Y55-64,2019,2038,,,,,,,,,,,,,
IT1:68_161_DF_DCCV_TURANN_NO_TURAN_CAPI_1(1.0),A,IT,DEM_NOPTOUR_ABS_ANN_1,ALL,HOL,FIN,9,Y55-64,2020,1800,,,,,,,,,,,,,
IT1:68_161_DF_DCCV_TURANN_NO_TURAN_CAPI_1(1.0),A,IT,DEM_NOPTOUR_ABS_ANN_1,ALL,HOL,FIN,9,Y55-64,2021,1802,,,,,,,,,,,,,
IT1:68_161_DF_DCCV_TURANN_NO_TURAN_CAPI_1(1.0),A,IT,DEM_NOPTOUR_ABS_ANN_1,ALL,HOL,FIN,9,Y55-64,2022,2011,,,,,,,,,,,,,
IT1:68_161_DF_DCCV_TURANN_NO_TURAN_CAPI_1(1.0),A,IT,DEM_NOPTOUR_ABS_ANN_1,ALL,HOL,FIN,9,Y55-64,2023,1896,,,,,,,,,,,,,
IT1:68_161_DF_DCCV_TURANN_NO_TURAN_CAPI_1(1.0),A,IT,DEM_NOPTOUR_ABS_ANN_1,ALL,HOL,HLTH_REAS,1,Y_GE15,2018,1476,,,,,,,,,,,,,
IT1:68_161_DF_DCCV_TURANN_NO_TURAN_CAPI_1(1.0),A,IT,DEM_NOPTOUR_ABS_ANN_1,ALL,HOL,HLTH_REAS,1,Y_GE15,2019,1705,,,,,,,,,,,,,
IT1:68_161_DF_DCCV_TURANN_NO_TURAN_CAPI_1(1.0),A,IT,DEM_NOPTOUR_ABS_ANN_1,ALL,HOL,HLTH_REAS,1,Y_GE15,2020,1289,,,,,,,,,,,,,
IT1:68_161_DF_DCCV_TURANN_NO_TURAN_CAPI_1(1.0),A,IT,DEM_NOPTOUR_ABS_ANN_1,ALL,HOL,HLTH_REAS,1,Y_GE15,2021,1336,,,,,,,,,,,,,
IT1:68_161_DF_DCCV_TURANN_NO_TURAN_CAPI_1(1.0),A,IT,DEM_NOPTOUR_ABS_ANN_1,ALL,HOL,HLTH_REAS,1,Y_GE15,2022,1358,,,,,,,,,,,,,
IT1:68_161_DF_DCCV_TURANN_NO_TURAN_CAPI_1(1.0),A,IT,DEM_NOPTOUR_ABS_ANN_1,ALL,HOL,HLTH_REAS,1,Y_GE15,2023,1187,,,,,,,,,,,,,
IT1:68_161_DF_DCCV_TURANN_NO_TURAN_CAPI_1(1.0),A,IT,DEM_NOPTOUR_ABS_ANN_1,ALL,HOL,HLTH_REAS,2,Y_GE15,2018,2291,,,,,,,,,,,,,
IT1:68_161_DF_DCCV_TURANN_NO_TURAN_CAPI_1(1.0),A,IT,DEM_NOPTOUR_ABS_ANN_1,ALL,HOL,HLTH_REAS,2,Y_GE15,2019,2405,,,,,,,,,,,,,
IT1:68_161_DF_DCCV_TURANN_NO_TURAN_CAPI_1(1.0),A,IT,DEM_NOPTOUR_ABS_ANN_1,ALL,HOL,HLTH_REAS,2,Y_GE15,2020,1907,,,,,,,,,,,,,
IT1:68_161_DF_DCCV_TURANN_NO_TURAN_CAPI_1(1.0),A,IT,DEM_NOPTOUR_ABS_ANN_1,ALL,HOL,HLTH_REAS,2,Y_GE15,2021,1909,,,,,,,,,,,,,
IT1:68_161_DF_DCCV_TURANN_NO_TURAN_CAPI_1(1.0),A,IT,DEM_NOPTOUR_ABS_ANN_1,ALL,HOL,HLTH_REAS,2,Y_GE15,2022,1915,,,,,,,,,,,,,
IT1:68_161_DF_DCCV_TURANN_NO_TURAN_CAPI_1(1.0),A,IT,DEM_NOPTOUR_ABS_ANN_1,ALL,HOL,HLTH_REAS,2,Y_GE15,2023,2012,,,,,,,,,,,,,
IT1:68_161_DF_DCCV_TURANN_NO_TURAN_CAPI_1(1.0),A,IT,DEM_NOPTOUR_ABS_ANN_1,ALL,HOL,HLTH_REAS,9,Y_GE15,2018,3767,,,,,,,,,,,,,
IT1:68_161_DF_DCCV_TURANN_NO_TURAN_CAPI_1(1.0),A,IT,DEM_NOPTOUR_ABS_ANN_1,ALL,HOL,HLTH_REAS,9,Y_GE15,2019,4110,,,,,,,,,,,,,
IT1:68_161_DF_DCCV_TURANN_NO_TURAN_CAPI_1(1.0),A,IT,DEM_NOPTOUR_ABS_ANN_1,ALL,HOL,HLTH_REAS,9,Y_GE15,2020,3196,,,,,,,,,,,,,
IT1:68_161_DF_DCCV_TURANN_NO_TURAN_CAPI_1(1.0),A,IT,DEM_NOPTOUR_ABS_ANN_1,ALL,HOL,HLTH_REAS,9,Y_GE15,2021,3245,,,,,,,,,,,,,
IT1:68_161_DF_DCCV_TURANN_NO_TURAN_CAPI_1(1.0),A,IT,DEM_NOPTOUR_ABS_ANN_1,ALL,HOL,HLTH_REAS,9,Y_GE15,2022,3272,,,,,,,,,,,,,
IT1:68_161_DF_DCCV_TURANN_NO_TURAN_CAPI_1(1.0),A,IT,DEM_NOPTOUR_ABS_ANN_1,ALL,HOL,HLTH_REAS,9,Y_GE15,2023,3199,,,,,,,,,,,,,
IT1:68_161_DF_DCCV_TURANN_NO_TURAN_CAPI_1(1.0),A,IT,DEM_NOPTOUR_ABS_ANN_1,ALL,HOL,HLTH_REAS,9,Y_GE65,2018,3191,,,,,,,,,,,,,
IT1:68_161_DF_DCCV_TURANN_NO_TURAN_CAPI_1(1.0),A,IT,DEM_NOPTOUR_ABS_ANN_1,ALL,HOL,HLTH_REAS,9,Y_GE65,2019,3262,,,,,,,,,,,,,
IT1:68_161_DF_DCCV_TURANN_NO_TURAN_CAPI_1(1.0),A,IT,DEM_NOPTOUR_ABS_ANN_1,ALL,HOL,HLTH_REAS,9,Y_GE65,2020,2497,,,,,,,,,,,,,
IT1:68_161_DF_DCCV_TURANN_NO_TURAN_CAPI_1(1.0),A,IT,DEM_NOPTOUR_ABS_ANN_1,ALL,HOL,HLTH_REAS,9,Y_GE65,2021,2628,,,,,,,,,,,,,
IT1:68_161_DF_DCCV_TURANN_NO_TURAN_CAPI_1(1.0),A,IT,DEM_NOPTOUR_ABS_ANN_1,ALL,HOL,HLTH_REAS,9,Y_GE65,2022,2649,,,,,,,,,,,,,
IT1:68_161_DF_DCCV_TURANN_NO_TURAN_CAPI_1(1.0),A,IT,DEM_NOPTOUR_ABS_ANN_1,ALL,HOL,HLTH_REAS,9,Y_GE65,2023,2690,,,,,,,,,,,,,
IT1:68_161_DF_DCCV_TURANN_NO_TURAN_CAPI_1(1.0),A,IT,DEM_NOPTOUR_ABS_ANN_1,ALL,HOL,HLTH_REAS,9,Y15-24,2018,14,,,,,,,,,,,,,
IT1:68_161_DF_DCCV_TURANN_NO_TURAN_CAPI_1(1.0),A,IT,DEM_NOPTOUR_ABS_ANN_1,ALL,HOL,HLTH_REAS,9,Y15-24,2019,37,,,,,,,,,,,,,
IT1:68_161_DF_DCCV_TURANN_NO_TURAN_CAPI_1(1.0),A,IT,DEM_NOPTOUR_ABS_ANN_1,ALL,HOL,HLTH_REAS,9,Y15-24,2020,36,,,,,,,,,,,,,
IT1:68_161_DF_DCCV_TURANN_NO_TURAN_CAPI_1(1.0),A,IT,DEM_NOPTOUR_ABS_ANN_1,ALL,HOL,HLTH_REAS,9,Y15-24,2021,43,,,,,,,,,,,,,
IT1:68_161_DF_DCCV_TURANN_NO_TURAN_CAPI_1(1.0),A,IT,DEM_NOPTOUR_ABS_ANN_1,ALL,HOL,HLTH_REAS,9,Y15-24,2022,52,,,,,,,,,,,,,
IT1:68_161_DF_DCCV_TURANN_NO_TURAN_CAPI_1(1.0),A,IT,DEM_NOPTOUR_ABS_ANN_1,ALL,HOL,HLTH_REAS,9,Y15-24,2023,30,,,,,,,,,,,,,
IT1:68_161_DF_DCCV_TURANN_NO_TURAN_CAPI_1(1.0),A,IT,DEM_NOPTOUR_ABS_ANN_1,ALL,HOL,HLTH_REAS,9,Y15-34,2018,77,,,,,,,,,,,,,
IT1:68_161_DF_DCCV_TURANN_NO_TURAN_CAPI_1(1.0),A,IT,DEM_NOPTOUR_ABS_ANN_1,ALL,HOL,HLTH_REAS,9,Y15-34,2019,113,,,,,,,,,,,,,
IT1:68_161_DF_DCCV_TURANN_NO_TURAN_CAPI_1(1.0),A,IT,DEM_NOPTOUR_ABS_ANN_1,ALL,HOL,HLTH_REAS,9,Y15-34,2020,107,,,,,,,,,,,,,
IT1:68_161_DF_DCCV_TURANN_NO_TURAN_CAPI_1(1.0),A,IT,DEM_NOPTOUR_ABS_ANN_1,ALL,HOL,HLTH_REAS,9,Y15-34,2021,80,,,,,,,,,,,,,
IT1:68_161_DF_DCCV_TURANN_NO_TURAN_CAPI_1(1.0),A,IT,DEM_NOPTOUR_ABS_ANN_1,ALL,HOL,HLTH_REAS,9,Y15-34,2022,116,,,,,,,,,,,,,
IT1:68_161_DF_DCCV_TURANN_NO_TURAN_CAPI_1(1.0),A,IT,DEM_NOPTOUR_ABS_ANN_1,ALL,HOL,HLTH_REAS,9,Y15-34,2023,62,,,,,,,,,,,,,
IT1:68_161_DF_DCCV_TURANN_NO_TURAN_CAPI_1(1.0),A,IT,DEM_NOPTOUR_ABS_ANN_1,ALL,HOL,HLTH_REAS,9,Y25-34,2018,63,,,,,,,,,,,,,
IT1:68_161_DF_DCCV_TURANN_NO_TURAN_CAPI_1(1.0),A,IT,DEM_NOPTOUR_ABS_ANN_1,ALL,HOL,HLTH_REAS,9,Y25-34,2019,75,,,,,,,,,,,,,
IT1:68_161_DF_DCCV_TURANN_NO_TURAN_CAPI_1(1.0),A,IT,DEM_NOPTOUR_ABS_ANN_1,ALL,HOL,HLTH_REAS,9,Y25-34,2020,70,,,,,,,,,,,,,
IT1:68_161_DF_DCCV_TURANN_NO_TURAN_CAPI_1(1.0),A,IT,DEM_NOPTOUR_ABS_ANN_1,ALL,HOL,HLTH_REAS,9,Y25-34,2021,38,,,,,,,,,,,,,
IT1:68_161_DF_DCCV_TURANN_NO_TURAN_CAPI_1(1.0),A,IT,DEM_NOPTOUR_ABS_ANN_1,ALL,HOL,HLTH_REAS,9,Y25-34,2022,64,,,,,,,,,,,,,
IT1:68_161_DF_DCCV_TURANN_NO_TURAN_CAPI_1(1.0),A,IT,DEM_NOPTOUR_ABS_ANN_1,ALL,HOL,HLTH_REAS,9,Y25-34,2023,31,,,,,,,,,,,,,
IT1:68_161_DF_DCCV_TURANN_NO_TURAN_CAPI_1(1.0),A,IT,DEM_NOPTOUR_ABS_ANN_1,ALL,HOL,HLTH_REAS,9,Y35-44,2018,72,,,,,,,,,,,,,
IT1:68_161_DF_DCCV_TURANN_NO_TURAN_CAPI_1(1.0),A,IT,DEM_NOPTOUR_ABS_ANN_1,ALL,HOL,HLTH_REAS,9,Y35-44,2019,101,,,,,,,,,,,,,
IT1:68_161_DF_DCCV_TURANN_NO_TURAN_CAPI_1(1.0),A,IT,DEM_NOPTOUR_ABS_ANN_1,ALL,HOL,HLTH_REAS,9,Y35-44,2020,66,,,,,,,,,,,,,
IT1:68_161_DF_DCCV_TURANN_NO_TURAN_CAPI_1(1.0),A,IT,DEM_NOPTOUR_ABS_ANN_1,ALL,HOL,HLTH_REAS,9,Y35-44,2021,99,,,,,,,,,,,,,
IT1:68_161_DF_DCCV_TURANN_NO_TURAN_CAPI_1(1.0),A,IT,DEM_NOPTOUR_ABS_ANN_1,ALL,HOL,HLTH_REAS,9,Y35-44,2022,81,,,,,,,,,,,,,
IT1:68_161_DF_DCCV_TURANN_NO_TURAN_CAPI_1(1.0),A,IT,DEM_NOPTOUR_ABS_ANN_1,ALL,HOL,HLTH_REAS,9,Y35-44,2023,57,,,,,,,,,,,,,
IT1:68_161_DF_DCCV_TURANN_NO_TURAN_CAPI_1(1.0),A,IT,DEM_NOPTOUR_ABS_ANN_1,ALL,HOL,HLTH_REAS,9,Y45-54,2018,144,,,,,,,,,,,,,
IT1:68_161_DF_DCCV_TURANN_NO_TURAN_CAPI_1(1.0),A,IT,DEM_NOPTOUR_ABS_ANN_1,ALL,HOL,HLTH_REAS,9,Y45-54,2019,272,,,,,,,,,,,,,
IT1:68_161_DF_DCCV_TURANN_NO_TURAN_CAPI_1(1.0),A,IT,DEM_NOPTOUR_ABS_ANN_1,ALL,HOL,HLTH_REAS,9,Y45-54,2020,207,,,,,,,,,,,,,
IT1:68_161_DF_DCCV_TURANN_NO_TURAN_CAPI_1(1.0),A,IT,DEM_NOPTOUR_ABS_ANN_1,ALL,HOL,HLTH_REAS,9,Y45-54,2021,160,,,,,,,,,,,,,
IT1:68_161_DF_DCCV_TURANN_NO_TURAN_CAPI_1(1.0),A,IT,DEM_NOPTOUR_ABS_ANN_1,ALL,HOL,HLTH_REAS,9,Y45-54,2022,125,,,,,,,,,,,,,
IT1:68_161_DF_DCCV_TURANN_NO_TURAN_CAPI_1(1.0),A,IT,DEM_NOPTOUR_ABS_ANN_1,ALL,HOL,HLTH_REAS,9,Y45-54,2023,161,,,,,,,,,,,,,
IT1:68_161_DF_DCCV_TURANN_NO_TURAN_CAPI_1(1.0),A,IT,DEM_NOPTOUR_ABS_ANN_1,ALL,HOL,HLTH_REAS,9,Y55-64,2018,283,,,,,,,,,,,,,
IT1:68_161_DF_DCCV_TURANN_NO_TURAN_CAPI_1(1.0),A,IT,DEM_NOPTOUR_ABS_ANN_1,ALL,HOL,HLTH_REAS,9,Y55-64,2019,362,,,,,,,,,,,,,
IT1:68_161_DF_DCCV_TURANN_NO_TURAN_CAPI_1(1.0),A,IT,DEM_NOPTOUR_ABS_ANN_1,ALL,HOL,HLTH_REAS,9,Y55-64,2020,319,,,,,,,,,,,,,
IT1:68_161_DF_DCCV_TURANN_NO_TURAN_CAPI_1(1.0),A,IT,DEM_NOPTOUR_ABS_ANN_1,ALL,HOL,HLTH_REAS,9,Y55-64,2021,276,,,,,,,,,,,,,
IT1:68_161_DF_DCCV_TURANN_NO_TURAN_CAPI_1(1.0),A,IT,DEM_NOPTOUR_ABS_ANN_1,ALL,HOL,HLTH_REAS,9,Y55-64,2022,301,,,,,,,,,,,,,
IT1:68_161_DF_DCCV_TURANN_NO_TURAN_CAPI_1(1.0),A,IT,DEM_NOPTOUR_ABS_ANN_1,ALL,HOL,HLTH_REAS,9,Y55-64,2023,229,,,,,,,,,,,,,
IT1:68_161_DF_DCCV_TURANN_NO_TURAN_CAPI_1(1.0),A,IT,DEM_NOPTOUR_ABS_ANN_1,ALL,HOL,HOME,1,Y_GE15,2018,217,,,,,,,,,,,,,
IT1:68_161_DF_DCCV_TURANN_NO_TURAN_CAPI_1(1.0),A,IT,DEM_NOPTOUR_ABS_ANN_1,ALL,HOL,HOME,1,Y_GE15,2019,144,,,,,,,,,,,,,
IT1:68_161_DF_DCCV_TURANN_NO_TURAN_CAPI_1(1.0),A,IT,DEM_NOPTOUR_ABS_ANN_1,ALL,HOL,HOME,1,Y_GE15,2020,215,,,,,,,,,,,,,
IT1:68_161_DF_DCCV_TURANN_NO_TURAN_CAPI_1(1.0),A,IT,DEM_NOPTOUR_ABS_ANN_1,ALL,HOL,HOME,1,Y_GE15,2021,219,,,,,,,,,,,,,
IT1:68_161_DF_DCCV_TURANN_NO_TURAN_CAPI_1(1.0),A,IT,DEM_NOPTOUR_ABS_ANN_1,ALL,HOL,HOME,1,Y_GE15,2022,252,,,,,,,,,,,,,
IT1:68_161_DF_DCCV_TURANN_NO_TURAN_CAPI_1(1.0),A,IT,DEM_NOPTOUR_ABS_ANN_1,ALL,HOL,HOME,1,Y_GE15,2023,241,,,,,,,,,,,,,
IT1:68_161_DF_DCCV_TURANN_NO_TURAN_CAPI_1(1.0),A,IT,DEM_NOPTOUR_ABS_ANN_1,ALL,HOL,HOME,2,Y_GE15,2018,200,,,,,,,,,,,,,
IT1:68_161_DF_DCCV_TURANN_NO_TURAN_CAPI_1(1.0),A,IT,DEM_NOPTOUR_ABS_ANN_1,ALL,HOL,HOME,2,Y_GE15,2019,212,,,,,,,,,,,,,
IT1:68_161_DF_DCCV_TURANN_NO_TURAN_CAPI_1(1.0),A,IT,DEM_NOPTOUR_ABS_ANN_1,ALL,HOL,HOME,2,Y_GE15,2020,209,,,,,,,,,,,,,
IT1:68_161_DF_DCCV_TURANN_NO_TURAN_CAPI_1(1.0),A,IT,DEM_NOPTOUR_ABS_ANN_1,ALL,HOL,HOME,2,Y_GE15,2021,165,,,,,,,,,,,,,
IT1:68_161_DF_DCCV_TURANN_NO_TURAN_CAPI_1(1.0),A,IT,DEM_NOPTOUR_ABS_ANN_1,ALL,HOL,HOME,2,Y_GE15,2022,251,,,,,,,,,,,,,
IT1:68_161_DF_DCCV_TURANN_NO_TURAN_CAPI_1(1.0),A,IT,DEM_NOPTOUR_ABS_ANN_1,ALL,HOL,HOME,2,Y_GE15,2023,273,,,,,,,,,,,,,
IT1:68_161_DF_DCCV_TURANN_NO_TURAN_CAPI_1(1.0),A,IT,DEM_NOPTOUR_ABS_ANN_1,ALL,HOL,HOME,9,Y_GE15,2018,417,,,,,,,,,,,,,
IT1:68_161_DF_DCCV_TURANN_NO_TURAN_CAPI_1(1.0),A,IT,DEM_NOPTOUR_ABS_ANN_1,ALL,HOL,HOME,9,Y_GE15,2019,356,,,,,,,,,,,,,
IT1:68_161_DF_DCCV_TURANN_NO_TURAN_CAPI_1(1.0),A,IT,DEM_NOPTOUR_ABS_ANN_1,ALL,HOL,HOME,9,Y_GE15,2020,424,,,,,,,,,,,,,
IT1:68_161_DF_DCCV_TURANN_NO_TURAN_CAPI_1(1.0),A,IT,DEM_NOPTOUR_ABS_ANN_1,ALL,HOL,HOME,9,Y_GE15,2021,384,,,,,,,,,,,,,
IT1:68_161_DF_DCCV_TURANN_NO_TURAN_CAPI_1(1.0),A,IT,DEM_NOPTOUR_ABS_ANN_1,ALL,HOL,HOME,9,Y_GE15,2022,503,,,,,,,,,,,,,
IT1:68_161_DF_DCCV_TURANN_NO_TURAN_CAPI_1(1.0),A,IT,DEM_NOPTOUR_ABS_ANN_1,ALL,HOL,HOME,9,Y_GE15,2023,514,,,,,,,,,,,,,
IT1:68_161_DF_DCCV_TURANN_NO_TURAN_CAPI_1(1.0),A,IT,DEM_NOPTOUR_ABS_ANN_1,ALL,HOL,HOME,9,Y_GE65,2018,167,,,,,,,,,,,,,
IT1:68_161_DF_DCCV_TURANN_NO_TURAN_CAPI_1(1.0),A,IT,DEM_NOPTOUR_ABS_ANN_1,ALL,HOL,HOME,9,Y_GE65,2019,79,,,,,,,,,,,,,
IT1:68_161_DF_DCCV_TURANN_NO_TURAN_CAPI_1(1.0),A,IT,DEM_NOPTOUR_ABS_ANN_1,ALL,HOL,HOME,9,Y_GE65,2020,135,,,,,,,,,,,,,
IT1:68_161_DF_DCCV_TURANN_NO_TURAN_CAPI_1(1.0),A,IT,DEM_NOPTOUR_ABS_ANN_1,ALL,HOL,HOME,9,Y_GE65,2021,105,,,,,,,,,,,,,
IT1:68_161_DF_DCCV_TURANN_NO_TURAN_CAPI_1(1.0),A,IT,DEM_NOPTOUR_ABS_ANN_1,ALL,HOL,HOME,9,Y_GE65,2022,171,,,,,,,,,,,,,
IT1:68_161_DF_DCCV_TURANN_NO_TURAN_CAPI_1(1.0),A,IT,DEM_NOPTOUR_ABS_ANN_1,ALL,HOL,HOME,9,Y_GE65,2023,172,,,,,,,,,,,,,
IT1:68_161_DF_DCCV_TURANN_NO_TURAN_CAPI_1(1.0),A,IT,DEM_NOPTOUR_ABS_ANN_1,ALL,HOL,HOME,9,Y15-24,2018,43,,,,,,,,,,,,,
IT1:68_161_DF_DCCV_TURANN_NO_TURAN_CAPI_1(1.0),A,IT,DEM_NOPTOUR_ABS_ANN_1,ALL,HOL,HOME,9,Y15-24,2019,28,,,,,,,,,,,,,
IT1:68_161_DF_DCCV_TURANN_NO_TURAN_CAPI_1(1.0),A,IT,DEM_NOPTOUR_ABS_ANN_1,ALL,HOL,HOME,9,Y15-24,2020,54,,,,,,,,,,,,,
IT1:68_161_DF_DCCV_TURANN_NO_TURAN_CAPI_1(1.0),A,IT,DEM_NOPTOUR_ABS_ANN_1,ALL,HOL,HOME,9,Y15-24,2021,53,,,,,,,,,,,,,
IT1:68_161_DF_DCCV_TURANN_NO_TURAN_CAPI_1(1.0),A,IT,DEM_NOPTOUR_ABS_ANN_1,ALL,HOL,HOME,9,Y15-24,2022,32,,,,,,,,,,,,,
IT1:68_161_DF_DCCV_TURANN_NO_TURAN_CAPI_1(1.0),A,IT,DEM_NOPTOUR_ABS_ANN_1,ALL,HOL,HOME,9,Y15-24,2023,53,,,,,,,,,,,,,
IT1:68_161_DF_DCCV_TURANN_NO_TURAN_CAPI_1(1.0),A,IT,DEM_NOPTOUR_ABS_ANN_1,ALL,HOL,HOME,9,Y15-34,2018,57,,,,,,,,,,,,,
IT1:68_161_DF_DCCV_TURANN_NO_TURAN_CAPI_1(1.0),A,IT,DEM_NOPTOUR_ABS_ANN_1,ALL,HOL,HOME,9,Y15-34,2019,75,,,,,,,,,,,,,
IT1:68_161_DF_DCCV_TURANN_NO_TURAN_CAPI_1(1.0),A,IT,DEM_NOPTOUR_ABS_ANN_1,ALL,HOL,HOME,9,Y15-34,2020,101,,,,,,,,,,,,,
IT1:68_161_DF_DCCV_TURANN_NO_TURAN_CAPI_1(1.0),A,IT,DEM_NOPTOUR_ABS_ANN_1,ALL,HOL,HOME,9,Y15-34,2021,89,,,,,,,,,,,,,
IT1:68_161_DF_DCCV_TURANN_NO_TURAN_CAPI_1(1.0),A,IT,DEM_NOPTOUR_ABS_ANN_1,ALL,HOL,HOME,9,Y15-34,2022,106,,,,,,,,,,,,,
IT1:68_161_DF_DCCV_TURANN_NO_TURAN_CAPI_1(1.0),A,IT,DEM_NOPTOUR_ABS_ANN_1,ALL,HOL,HOME,9,Y15-34,2023,86,,,,,,,,,,,,,
IT1:68_161_DF_DCCV_TURANN_NO_TURAN_CAPI_1(1.0),A,IT,DEM_NOPTOUR_ABS_ANN_1,ALL,HOL,HOME,9,Y25-34,2018,14,,,,,,,,,,,,,
IT1:68_161_DF_DCCV_TURANN_NO_TURAN_CAPI_1(1.0),A,IT,DEM_NOPTOUR_ABS_ANN_1,ALL,HOL,HOME,9,Y25-34,2019,48,,,,,,,,,,,,,
IT1:68_161_DF_DCCV_TURANN_NO_TURAN_CAPI_1(1.0),A,IT,DEM_NOPTOUR_ABS_ANN_1,ALL,HOL,HOME,9,Y25-34,2020,47,,,,,,,,,,,,,
IT1:68_161_DF_DCCV_TURANN_NO_TURAN_CAPI_1(1.0),A,IT,DEM_NOPTOUR_ABS_ANN_1,ALL,HOL,HOME,9,Y25-34,2021,36,,,,,,,,,,,,,
IT1:68_161_DF_DCCV_TURANN_NO_TURAN_CAPI_1(1.0),A,IT,DEM_NOPTOUR_ABS_ANN_1,ALL,HOL,HOME,9,Y25-34,2022,74,,,,,,,,,,,,,
IT1:68_161_DF_DCCV_TURANN_NO_TURAN_CAPI_1(1.0),A,IT,DEM_NOPTOUR_ABS_ANN_1,ALL,HOL,HOME,9,Y25-34,2023,33,,,,,,,,,,,,,
IT1:68_161_DF_DCCV_TURANN_NO_TURAN_CAPI_1(1.0),A,IT,DEM_NOPTOUR_ABS_ANN_1,ALL,HOL,HOME,9,Y35-44,2018,41,,,,,,,,,,,,,
IT1:68_161_DF_DCCV_TURANN_NO_TURAN_CAPI_1(1.0),A,IT,DEM_NOPTOUR_ABS_ANN_1,ALL,HOL,HOME,9,Y35-44,2019,65,,,,,,,,,,,,,
IT1:68_161_DF_DCCV_TURANN_NO_TURAN_CAPI_1(1.0),A,IT,DEM_NOPTOUR_ABS_ANN_1,ALL,HOL,HOME,9,Y35-44,2020,52,,,,,,,,,,,,,
IT1:68_161_DF_DCCV_TURANN_NO_TURAN_CAPI_1(1.0),A,IT,DEM_NOPTOUR_ABS_ANN_1,ALL,HOL,HOME,9,Y35-44,2021,34,,,,,,,,,,,,,
IT1:68_161_DF_DCCV_TURANN_NO_TURAN_CAPI_1(1.0),A,IT,DEM_NOPTOUR_ABS_ANN_1,ALL,HOL,HOME,9,Y35-44,2022,60,,,,,,,,,,,,,
IT1:68_161_DF_DCCV_TURANN_NO_TURAN_CAPI_1(1.0),A,IT,DEM_NOPTOUR_ABS_ANN_1,ALL,HOL,HOME,9,Y35-44,2023,66,,,,,,,,,,,,,
IT1:68_161_DF_DCCV_TURANN_NO_TURAN_CAPI_1(1.0),A,IT,DEM_NOPTOUR_ABS_ANN_1,ALL,HOL,HOME,9,Y45-54,2018,79,,,,,,,,,,,,,
IT1:68_161_DF_DCCV_TURANN_NO_TURAN_CAPI_1(1.0),A,IT,DEM_NOPTOUR_ABS_ANN_1,ALL,HOL,HOME,9,Y45-54,2019,92,,,,,,,,,,,,,
IT1:68_161_DF_DCCV_TURANN_NO_TURAN_CAPI_1(1.0),A,IT,DEM_NOPTOUR_ABS_ANN_1,ALL,HOL,HOME,9,Y45-54,2020,54,,,,,,,,,,,,,
IT1:68_161_DF_DCCV_TURANN_NO_TURAN_CAPI_1(1.0),A,IT,DEM_NOPTOUR_ABS_ANN_1,ALL,HOL,HOME,9,Y45-54,2021,75,,,,,,,,,,,,,
IT1:68_161_DF_DCCV_TURANN_NO_TURAN_CAPI_1(1.0),A,IT,DEM_NOPTOUR_ABS_ANN_1,ALL,HOL,HOME,9,Y45-54,2022,52,,,,,,,,,,,,,
IT1:68_161_DF_DCCV_TURANN_NO_TURAN_CAPI_1(1.0),A,IT,DEM_NOPTOUR_ABS_ANN_1,ALL,HOL,HOME,9,Y45-54,2023,74,,,,,,,,,,,,,
IT1:68_161_DF_DCCV_TURANN_NO_TURAN_CAPI_1(1.0),A,IT,DEM_NOPTOUR_ABS_ANN_1,ALL,HOL,HOME,9,Y55-64,2018,73,,,,,,,,,,,,,
IT1:68_161_DF_DCCV_TURANN_NO_TURAN_CAPI_1(1.0),A,IT,DEM_NOPTOUR_ABS_ANN_1,ALL,HOL,HOME,9,Y55-64,2019,45,,,,,,,,,,,,,
IT1:68_161_DF_DCCV_TURANN_NO_TURAN_CAPI_1(1.0),A,IT,DEM_NOPTOUR_ABS_ANN_1,ALL,HOL,HOME,9,Y55-64,2020,81,,,,,,,,,,,,,
IT1:68_161_DF_DCCV_TURANN_NO_TURAN_CAPI_1(1.0),A,IT,DEM_NOPTOUR_ABS_ANN_1,ALL,HOL,HOME,9,Y55-64,2021,81,,,,,,,,,,,,,
IT1:68_161_DF_DCCV_TURANN_NO_TURAN_CAPI_1(1.0),A,IT,DEM_NOPTOUR_ABS_ANN_1,ALL,HOL,HOME,9,Y55-64,2022,114,,,,,,,,,,,,,
IT1:68_161_DF_DCCV_TURANN_NO_TURAN_CAPI_1(1.0),A,IT,DEM_NOPTOUR_ABS_ANN_1,ALL,HOL,HOME,9,Y55-64,2023,117,,,,,,,,,,,,,
IT1:68_161_DF_DCCV_TURANN_NO_TURAN_CAPI_1(1.0),A,IT,DEM_NOPTOUR_ABS_ANN_1,ALL,HOL,NOTHABIT,1,Y_GE15,2018,2436,,,,,,,,,,,,,
IT1:68_161_DF_DCCV_TURANN_NO_TURAN_CAPI_1(1.0),A,IT,DEM_NOPTOUR_ABS_ANN_1,ALL,HOL,NOTHABIT,1,Y_GE15,2019,2458,,,,,,,,,,,,,
IT1:68_161_DF_DCCV_TURANN_NO_TURAN_CAPI_1(1.0),A,IT,DEM_NOPTOUR_ABS_ANN_1,ALL,HOL,NOTHABIT,1,Y_GE15,2020,2221,,,,,,,,,,,,,
IT1:68_161_DF_DCCV_TURANN_NO_TURAN_CAPI_1(1.0),A,IT,DEM_NOPTOUR_ABS_ANN_1,ALL,HOL,NOTHABIT,1,Y_GE15,2021,2538,,,,,,,,,,,,,
IT1:68_161_DF_DCCV_TURANN_NO_TURAN_CAPI_1(1.0),A,IT,DEM_NOPTOUR_ABS_ANN_1,ALL,HOL,NOTHABIT,1,Y_GE15,2022,2713,,,,,,,,,,,,,
IT1:68_161_DF_DCCV_TURANN_NO_TURAN_CAPI_1(1.0),A,IT,DEM_NOPTOUR_ABS_ANN_1,ALL,HOL,NOTHABIT,1,Y_GE15,2023,2620,,,,,,,,,,,,,
IT1:68_161_DF_DCCV_TURANN_NO_TURAN_CAPI_1(1.0),A,IT,DEM_NOPTOUR_ABS_ANN_1,ALL,HOL,NOTHABIT,2,Y_GE15,2018,3045,,,,,,,,,,,,,
IT1:68_161_DF_DCCV_TURANN_NO_TURAN_CAPI_1(1.0),A,IT,DEM_NOPTOUR_ABS_ANN_1,ALL,HOL,NOTHABIT,2,Y_GE15,2019,3064,,,,,,,,,,,,,
IT1:68_161_DF_DCCV_TURANN_NO_TURAN_CAPI_1(1.0),A,IT,DEM_NOPTOUR_ABS_ANN_1,ALL,HOL,NOTHABIT,2,Y_GE15,2020,2946,,,,,,,,,,,,,
IT1:68_161_DF_DCCV_TURANN_NO_TURAN_CAPI_1(1.0),A,IT,DEM_NOPTOUR_ABS_ANN_1,ALL,HOL,NOTHABIT,2,Y_GE15,2021,3135,,,,,,,,,,,,,
IT1:68_161_DF_DCCV_TURANN_NO_TURAN_CAPI_1(1.0),A,IT,DEM_NOPTOUR_ABS_ANN_1,ALL,HOL,NOTHABIT,2,Y_GE15,2022,3427,,,,,,,,,,,,,
IT1:68_161_DF_DCCV_TURANN_NO_TURAN_CAPI_1(1.0),A,IT,DEM_NOPTOUR_ABS_ANN_1,ALL,HOL,NOTHABIT,2,Y_GE15,2023,3134,,,,,,,,,,,,,
IT1:68_161_DF_DCCV_TURANN_NO_TURAN_CAPI_1(1.0),A,IT,DEM_NOPTOUR_ABS_ANN_1,ALL,HOL,NOTHABIT,9,Y_GE15,2018,5481,,,,,,,,,,,,,
IT1:68_161_DF_DCCV_TURANN_NO_TURAN_CAPI_1(1.0),A,IT,DEM_NOPTOUR_ABS_ANN_1,ALL,HOL,NOTHABIT,9,Y_GE15,2019,5522,,,,,,,,,,,,,
IT1:68_161_DF_DCCV_TURANN_NO_TURAN_CAPI_1(1.0),A,IT,DEM_NOPTOUR_ABS_ANN_1,ALL,HOL,NOTHABIT,9,Y_GE15,2020,5167,,,,,,,,,,,,,
IT1:68_161_DF_DCCV_TURANN_NO_TURAN_CAPI_1(1.0),A,IT,DEM_NOPTOUR_ABS_ANN_1,ALL,HOL,NOTHABIT,9,Y_GE15,2021,5673,,,,,,,,,,,,,
IT1:68_161_DF_DCCV_TURANN_NO_TURAN_CAPI_1(1.0),A,IT,DEM_NOPTOUR_ABS_ANN_1,ALL,HOL,NOTHABIT,9,Y_GE15,2022,6139,,,,,,,,,,,,,
IT1:68_161_DF_DCCV_TURANN_NO_TURAN_CAPI_1(1.0),A,IT,DEM_NOPTOUR_ABS_ANN_1,ALL,HOL,NOTHABIT,9,Y_GE15,2023,5754,,,,,,,,,,,,,
IT1:68_161_DF_DCCV_TURANN_NO_TURAN_CAPI_1(1.0),A,IT,DEM_NOPTOUR_ABS_ANN_1,ALL,HOL,NOTHABIT,9,Y_GE65,2018,3398,,,,,,,,,,,,,
IT1:68_161_DF_DCCV_TURANN_NO_TURAN_CAPI_1(1.0),A,IT,DEM_NOPTOUR_ABS_ANN_1,ALL,HOL,NOTHABIT,9,Y_GE65,2019,3352,,,,,,,,,,,,,
IT1:68_161_DF_DCCV_TURANN_NO_TURAN_CAPI_1(1.0),A,IT,DEM_NOPTOUR_ABS_ANN_1,ALL,HOL,NOTHABIT,9,Y_GE65,2020,3159,,,,,,,,,,,,,
IT1:68_161_DF_DCCV_TURANN_NO_TURAN_CAPI_1(1.0),A,IT,DEM_NOPTOUR_ABS_ANN_1,ALL,HOL,NOTHABIT,9,Y_GE65,2021,3434,,,,,,,,,,,,,
IT1:68_161_DF_DCCV_TURANN_NO_TURAN_CAPI_1(1.0),A,IT,DEM_NOPTOUR_ABS_ANN_1,ALL,HOL,NOTHABIT,9,Y_GE65,2022,3950,,,,,,,,,,,,,
IT1:68_161_DF_DCCV_TURANN_NO_TURAN_CAPI_1(1.0),A,IT,DEM_NOPTOUR_ABS_ANN_1,ALL,HOL,NOTHABIT,9,Y_GE65,2023,3611,,,,,,,,,,,,,
IT1:68_161_DF_DCCV_TURANN_NO_TURAN_CAPI_1(1.0),A,IT,DEM_NOPTOUR_ABS_ANN_1,ALL,HOL,NOTHABIT,9,Y15-24,2018,217,,,,,,,,,,,,,
IT1:68_161_DF_DCCV_TURANN_NO_TURAN_CAPI_1(1.0),A,IT,DEM_NOPTOUR_ABS_ANN_1,ALL,HOL,NOTHABIT,9,Y15-24,2019,249,,,,,,,,,,,,,
IT1:68_161_DF_DCCV_TURANN_NO_TURAN_CAPI_1(1.0),A,IT,DEM_NOPTOUR_ABS_ANN_1,ALL,HOL,NOTHABIT,9,Y15-24,2020,172,,,,,,,,,,,,,
IT1:68_161_DF_DCCV_TURANN_NO_TURAN_CAPI_1(1.0),A,IT,DEM_NOPTOUR_ABS_ANN_1,ALL,HOL,NOTHABIT,9,Y15-24,2021,237,,,,,,,,,,,,,
IT1:68_161_DF_DCCV_TURANN_NO_TURAN_CAPI_1(1.0),A,IT,DEM_NOPTOUR_ABS_ANN_1,ALL,HOL,NOTHABIT,9,Y15-24,2022,224,,,,,,,,,,,,,
IT1:68_161_DF_DCCV_TURANN_NO_TURAN_CAPI_1(1.0),A,IT,DEM_NOPTOUR_ABS_ANN_1,ALL,HOL,NOTHABIT,9,Y15-24,2023,191,,,,,,,,,,,,,
IT1:68_161_DF_DCCV_TURANN_NO_TURAN_CAPI_1(1.0),A,IT,DEM_NOPTOUR_ABS_ANN_1,ALL,HOL,NOTHABIT,9,Y15-34,2018,452,,,,,,,,,,,,,
IT1:68_161_DF_DCCV_TURANN_NO_TURAN_CAPI_1(1.0),A,IT,DEM_NOPTOUR_ABS_ANN_1,ALL,HOL,NOTHABIT,9,Y15-34,2019,489,,,,,,,,,,,,,
IT1:68_161_DF_DCCV_TURANN_NO_TURAN_CAPI_1(1.0),A,IT,DEM_NOPTOUR_ABS_ANN_1,ALL,HOL,NOTHABIT,9,Y15-34,2020,376,,,,,,,,,,,,,
IT1:68_161_DF_DCCV_TURANN_NO_TURAN_CAPI_1(1.0),A,IT,DEM_NOPTOUR_ABS_ANN_1,ALL,HOL,NOTHABIT,9,Y15-34,2021,389,,,,,,,,,,,,,
IT1:68_161_DF_DCCV_TURANN_NO_TURAN_CAPI_1(1.0),A,IT,DEM_NOPTOUR_ABS_ANN_1,ALL,HOL,NOTHABIT,9,Y15-34,2022,418,,,,,,,,,,,,,
IT1:68_161_DF_DCCV_TURANN_NO_TURAN_CAPI_1(1.0),A,IT,DEM_NOPTOUR_ABS_ANN_1,ALL,HOL,NOTHABIT,9,Y15-34,2023,396,,,,,,,,,,,,,
IT1:68_161_DF_DCCV_TURANN_NO_TURAN_CAPI_1(1.0),A,IT,DEM_NOPTOUR_ABS_ANN_1,ALL,HOL,NOTHABIT,9,Y25-34,2018,236,,,,,,,,,,,,,
IT1:68_161_DF_DCCV_TURANN_NO_TURAN_CAPI_1(1.0),A,IT,DEM_NOPTOUR_ABS_ANN_1,ALL,HOL,NOTHABIT,9,Y25-34,2019,240,,,,,,,,,,,,,
IT1:68_161_DF_DCCV_TURANN_NO_TURAN_CAPI_1(1.0),A,IT,DEM_NOPTOUR_ABS_ANN_1,ALL,HOL,NOTHABIT,9,Y25-34,2020,205,,,,,,,,,,,,,
IT1:68_161_DF_DCCV_TURANN_NO_TURAN_CAPI_1(1.0),A,IT,DEM_NOPTOUR_ABS_ANN_1,ALL,HOL,NOTHABIT,9,Y25-34,2021,152,,,,,,,,,,,,,
IT1:68_161_DF_DCCV_TURANN_NO_TURAN_CAPI_1(1.0),A,IT,DEM_NOPTOUR_ABS_ANN_1,ALL,HOL,NOTHABIT,9,Y25-34,2022,194,,,,,,,,,,,,,
IT1:68_161_DF_DCCV_TURANN_NO_TURAN_CAPI_1(1.0),A,IT,DEM_NOPTOUR_ABS_ANN_1,ALL,HOL,NOTHABIT,9,Y25-34,2023,206,,,,,,,,,,,,,
IT1:68_161_DF_DCCV_TURANN_NO_TURAN_CAPI_1(1.0),A,IT,DEM_NOPTOUR_ABS_ANN_1,ALL,HOL,NOTHABIT,9,Y35-44,2018,238,,,,,,,,,,,,,
IT1:68_161_DF_DCCV_TURANN_NO_TURAN_CAPI_1(1.0),A,IT,DEM_NOPTOUR_ABS_ANN_1,ALL,HOL,NOTHABIT,9,Y35-44,2019,273,,,,,,,,,,,,,
IT1:68_161_DF_DCCV_TURANN_NO_TURAN_CAPI_1(1.0),A,IT,DEM_NOPTOUR_ABS_ANN_1,ALL,HOL,NOTHABIT,9,Y35-44,2020,272,,,,,,,,,,,,,
IT1:68_161_DF_DCCV_TURANN_NO_TURAN_CAPI_1(1.0),A,IT,DEM_NOPTOUR_ABS_ANN_1,ALL,HOL,NOTHABIT,9,Y35-44,2021,325,,,,,,,,,,,,,
IT1:68_161_DF_DCCV_TURANN_NO_TURAN_CAPI_1(1.0),A,IT,DEM_NOPTOUR_ABS_ANN_1,ALL,HOL,NOTHABIT,9,Y35-44,2022,308,,,,,,,,,,,,,
IT1:68_161_DF_DCCV_TURANN_NO_TURAN_CAPI_1(1.0),A,IT,DEM_NOPTOUR_ABS_ANN_1,ALL,HOL,NOTHABIT,9,Y35-44,2023,207,,,,,,,,,,,,,
IT1:68_161_DF_DCCV_TURANN_NO_TURAN_CAPI_1(1.0),A,IT,DEM_NOPTOUR_ABS_ANN_1,ALL,HOL,NOTHABIT,9,Y45-54,2018,585,,,,,,,,,,,,,
IT1:68_161_DF_DCCV_TURANN_NO_TURAN_CAPI_1(1.0),A,IT,DEM_NOPTOUR_ABS_ANN_1,ALL,HOL,NOTHABIT,9,Y45-54,2019,528,,,,,,,,,,,,,
IT1:68_161_DF_DCCV_TURANN_NO_TURAN_CAPI_1(1.0),A,IT,DEM_NOPTOUR_ABS_ANN_1,ALL,HOL,NOTHABIT,9,Y45-54,2020,562,,,,,,,,,,,,,
IT1:68_161_DF_DCCV_TURANN_NO_TURAN_CAPI_1(1.0),A,IT,DEM_NOPTOUR_ABS_ANN_1,ALL,HOL,NOTHABIT,9,Y45-54,2021,680,,,,,,,,,,,,,
IT1:68_161_DF_DCCV_TURANN_NO_TURAN_CAPI_1(1.0),A,IT,DEM_NOPTOUR_ABS_ANN_1,ALL,HOL,NOTHABIT,9,Y45-54,2022,505,,,,,,,,,,,,,
IT1:68_161_DF_DCCV_TURANN_NO_TURAN_CAPI_1(1.0),A,IT,DEM_NOPTOUR_ABS_ANN_1,ALL,HOL,NOTHABIT,9,Y45-54,2023,590,,,,,,,,,,,,,
IT1:68_161_DF_DCCV_TURANN_NO_TURAN_CAPI_1(1.0),A,IT,DEM_NOPTOUR_ABS_ANN_1,ALL,HOL,NOTHABIT,9,Y55-64,2018,807,,,,,,,,,,,,,
IT1:68_161_DF_DCCV_TURANN_NO_TURAN_CAPI_1(1.0),A,IT,DEM_NOPTOUR_ABS_ANN_1,ALL,HOL,NOTHABIT,9,Y55-64,2019,880,,,,,,,,,,,,,
IT1:68_161_DF_DCCV_TURANN_NO_TURAN_CAPI_1(1.0),A,IT,DEM_NOPTOUR_ABS_ANN_1,ALL,HOL,NOTHABIT,9,Y55-64,2020,797,,,,,,,,,,,,,
IT1:68_161_DF_DCCV_TURANN_NO_TURAN_CAPI_1(1.0),A,IT,DEM_NOPTOUR_ABS_ANN_1,ALL,HOL,NOTHABIT,9,Y55-64,2021,846,,,,,,,,,,,,,
IT1:68_161_DF_DCCV_TURANN_NO_TURAN_CAPI_1(1.0),A,IT,DEM_NOPTOUR_ABS_ANN_1,ALL,HOL,NOTHABIT,9,Y55-64,2022,958,,,,,,,,,,,,,
IT1:68_161_DF_DCCV_TURANN_NO_TURAN_CAPI_1(1.0),A,IT,DEM_NOPTOUR_ABS_ANN_1,ALL,HOL,NOTHABIT,9,Y55-64,2023,950,,,,,,,,,,,,,
IT1:68_161_DF_DCCV_TURANN_NO_TURAN_CAPI_1(1.0),A,IT,DEM_NOPTOUR_ABS_ANN_1,ALL,HOL,REASOTH,1,Y_GE15,2018,353,,,,,,,,,,,,,
IT1:68_161_DF_DCCV_TURANN_NO_TURAN_CAPI_1(1.0),A,IT,DEM_NOPTOUR_ABS_ANN_1,ALL,HOL,REASOTH,1,Y_GE15,2019,559,,,,,,,,,,,,,
IT1:68_161_DF_DCCV_TURANN_NO_TURAN_CAPI_1(1.0),A,IT,DEM_NOPTOUR_ABS_ANN_1,ALL,HOL,REASOTH,1,Y_GE15,2020,406,,,,,,,,,,,,,
IT1:68_161_DF_DCCV_TURANN_NO_TURAN_CAPI_1(1.0),A,IT,DEM_NOPTOUR_ABS_ANN_1,ALL,HOL,REASOTH,1,Y_GE15,2021,380,,,,,,,,,,,,,
IT1:68_161_DF_DCCV_TURANN_NO_TURAN_CAPI_1(1.0),A,IT,DEM_NOPTOUR_ABS_ANN_1,ALL,HOL,REASOTH,1,Y_GE15,2022,432,,,,,,,,,,,,,
IT1:68_161_DF_DCCV_TURANN_NO_TURAN_CAPI_1(1.0),A,IT,DEM_NOPTOUR_ABS_ANN_1,ALL,HOL,REASOTH,1,Y_GE15,2023,610,,,,,,,,,,,,,
IT1:68_161_DF_DCCV_TURANN_NO_TURAN_CAPI_1(1.0),A,IT,DEM_NOPTOUR_ABS_ANN_1,ALL,HOL,REASOTH,2,Y_GE15,2018,458,,,,,,,,,,,,,
IT1:68_161_DF_DCCV_TURANN_NO_TURAN_CAPI_1(1.0),A,IT,DEM_NOPTOUR_ABS_ANN_1,ALL,HOL,REASOTH,2,Y_GE15,2019,540,,,,,,,,,,,,,
IT1:68_161_DF_DCCV_TURANN_NO_TURAN_CAPI_1(1.0),A,IT,DEM_NOPTOUR_ABS_ANN_1,ALL,HOL,REASOTH,2,Y_GE15,2020,380,,,,,,,,,,,,,
IT1:68_161_DF_DCCV_TURANN_NO_TURAN_CAPI_1(1.0),A,IT,DEM_NOPTOUR_ABS_ANN_1,ALL,HOL,REASOTH,2,Y_GE15,2021,421,,,,,,,,,,,,,
IT1:68_161_DF_DCCV_TURANN_NO_TURAN_CAPI_1(1.0),A,IT,DEM_NOPTOUR_ABS_ANN_1,ALL,HOL,REASOTH,2,Y_GE15,2022,504,,,,,,,,,,,,,
IT1:68_161_DF_DCCV_TURANN_NO_TURAN_CAPI_1(1.0),A,IT,DEM_NOPTOUR_ABS_ANN_1,ALL,HOL,REASOTH,2,Y_GE15,2023,714,,,,,,,,,,,,,
IT1:68_161_DF_DCCV_TURANN_NO_TURAN_CAPI_1(1.0),A,IT,DEM_NOPTOUR_ABS_ANN_1,ALL,HOL,REASOTH,9,Y_GE15,2018,812,,,,,,,,,,,,,
IT1:68_161_DF_DCCV_TURANN_NO_TURAN_CAPI_1(1.0),A,IT,DEM_NOPTOUR_ABS_ANN_1,ALL,HOL,REASOTH,9,Y_GE15,2019,1099,,,,,,,,,,,,,
IT1:68_161_DF_DCCV_TURANN_NO_TURAN_CAPI_1(1.0),A,IT,DEM_NOPTOUR_ABS_ANN_1,ALL,HOL,REASOTH,9,Y_GE15,2020,785,,,,,,,,,,,,,
IT1:68_161_DF_DCCV_TURANN_NO_TURAN_CAPI_1(1.0),A,IT,DEM_NOPTOUR_ABS_ANN_1,ALL,HOL,REASOTH,9,Y_GE15,2021,801,,,,,,,,,,,,,
IT1:68_161_DF_DCCV_TURANN_NO_TURAN_CAPI_1(1.0),A,IT,DEM_NOPTOUR_ABS_ANN_1,ALL,HOL,REASOTH,9,Y_GE15,2022,936,,,,,,,,,,,,,
IT1:68_161_DF_DCCV_TURANN_NO_TURAN_CAPI_1(1.0),A,IT,DEM_NOPTOUR_ABS_ANN_1,ALL,HOL,REASOTH,9,Y_GE15,2023,1324,,,,,,,,,,,,,
IT1:68_161_DF_DCCV_TURANN_NO_TURAN_CAPI_1(1.0),A,IT,DEM_NOPTOUR_ABS_ANN_1,ALL,HOL,REASOTH,9,Y_GE65,2018,410,,,,,,,,,,,,,
IT1:68_161_DF_DCCV_TURANN_NO_TURAN_CAPI_1(1.0),A,IT,DEM_NOPTOUR_ABS_ANN_1,ALL,HOL,REASOTH,9,Y_GE65,2019,403,,,,,,,,,,,,,
IT1:68_161_DF_DCCV_TURANN_NO_TURAN_CAPI_1(1.0),A,IT,DEM_NOPTOUR_ABS_ANN_1,ALL,HOL,REASOTH,9,Y_GE65,2020,208,,,,,,,,,,,,,
IT1:68_161_DF_DCCV_TURANN_NO_TURAN_CAPI_1(1.0),A,IT,DEM_NOPTOUR_ABS_ANN_1,ALL,HOL,REASOTH,9,Y_GE65,2021,265,,,,,,,,,,,,,
IT1:68_161_DF_DCCV_TURANN_NO_TURAN_CAPI_1(1.0),A,IT,DEM_NOPTOUR_ABS_ANN_1,ALL,HOL,REASOTH,9,Y_GE65,2022,294,,,,,,,,,,,,,
IT1:68_161_DF_DCCV_TURANN_NO_TURAN_CAPI_1(1.0),A,IT,DEM_NOPTOUR_ABS_ANN_1,ALL,HOL,REASOTH,9,Y_GE65,2023,534,,,,,,,,,,,,,
IT1:68_161_DF_DCCV_TURANN_NO_TURAN_CAPI_1(1.0),A,IT,DEM_NOPTOUR_ABS_ANN_1,ALL,HOL,REASOTH,9,Y15-24,2018,79,,,,,,,,,,,,,
IT1:68_161_DF_DCCV_TURANN_NO_TURAN_CAPI_1(1.0),A,IT,DEM_NOPTOUR_ABS_ANN_1,ALL,HOL,REASOTH,9,Y15-24,2019,99,,,,,,,,,,,,,
IT1:68_161_DF_DCCV_TURANN_NO_TURAN_CAPI_1(1.0),A,IT,DEM_NOPTOUR_ABS_ANN_1,ALL,HOL,REASOTH,9,Y15-24,2020,98,,,,,,,,,,,,,
IT1:68_161_DF_DCCV_TURANN_NO_TURAN_CAPI_1(1.0),A,IT,DEM_NOPTOUR_ABS_ANN_1,ALL,HOL,REASOTH,9,Y15-24,2021,97,,,,,,,,,,,,,
IT1:68_161_DF_DCCV_TURANN_NO_TURAN_CAPI_1(1.0),A,IT,DEM_NOPTOUR_ABS_ANN_1,ALL,HOL,REASOTH,9,Y15-24,2022,98,,,,,,,,,,,,,
IT1:68_161_DF_DCCV_TURANN_NO_TURAN_CAPI_1(1.0),A,IT,DEM_NOPTOUR_ABS_ANN_1,ALL,HOL,REASOTH,9,Y15-24,2023,124,,,,,,,,,,,,,
IT1:68_161_DF_DCCV_TURANN_NO_TURAN_CAPI_1(1.0),A,IT,DEM_NOPTOUR_ABS_ANN_1,ALL,HOL,REASOTH,9,Y15-34,2018,103,,,,,,,,,,,,,
IT1:68_161_DF_DCCV_TURANN_NO_TURAN_CAPI_1(1.0),A,IT,DEM_NOPTOUR_ABS_ANN_1,ALL,HOL,REASOTH,9,Y15-34,2019,185,,,,,,,,,,,,,
IT1:68_161_DF_DCCV_TURANN_NO_TURAN_CAPI_1(1.0),A,IT,DEM_NOPTOUR_ABS_ANN_1,ALL,HOL,REASOTH,9,Y15-34,2020,209,,,,,,,,,,,,,
IT1:68_161_DF_DCCV_TURANN_NO_TURAN_CAPI_1(1.0),A,IT,DEM_NOPTOUR_ABS_ANN_1,ALL,HOL,REASOTH,9,Y15-34,2021,172,,,,,,,,,,,,,
IT1:68_161_DF_DCCV_TURANN_NO_TURAN_CAPI_1(1.0),A,IT,DEM_NOPTOUR_ABS_ANN_1,ALL,HOL,REASOTH,9,Y15-34,2022,176,,,,,,,,,,,,,
IT1:68_161_DF_DCCV_TURANN_NO_TURAN_CAPI_1(1.0),A,IT,DEM_NOPTOUR_ABS_ANN_1,ALL,HOL,REASOTH,9,Y15-34,2023,192,,,,,,,,,,,,,
IT1:68_161_DF_DCCV_TURANN_NO_TURAN_CAPI_1(1.0),A,IT,DEM_NOPTOUR_ABS_ANN_1,ALL,HOL,REASOTH,9,Y25-34,2018,24,,,,,,,,,,,,,
IT1:68_161_DF_DCCV_TURANN_NO_TURAN_CAPI_1(1.0),A,IT,DEM_NOPTOUR_ABS_ANN_1,ALL,HOL,REASOTH,9,Y25-34,2019,86,,,,,,,,,,,,,
IT1:68_161_DF_DCCV_TURANN_NO_TURAN_CAPI_1(1.0),A,IT,DEM_NOPTOUR_ABS_ANN_1,ALL,HOL,REASOTH,9,Y25-34,2020,111,,,,,,,,,,,,,
IT1:68_161_DF_DCCV_TURANN_NO_TURAN_CAPI_1(1.0),A,IT,DEM_NOPTOUR_ABS_ANN_1,ALL,HOL,REASOTH,9,Y25-34,2021,76,,,,,,,,,,,,,
IT1:68_161_DF_DCCV_TURANN_NO_TURAN_CAPI_1(1.0),A,IT,DEM_NOPTOUR_ABS_ANN_1,ALL,HOL,REASOTH,9,Y25-34,2022,79,,,,,,,,,,,,,
IT1:68_161_DF_DCCV_TURANN_NO_TURAN_CAPI_1(1.0),A,IT,DEM_NOPTOUR_ABS_ANN_1,ALL,HOL,REASOTH,9,Y25-34,2023,68,,,,,,,,,,,,,
IT1:68_161_DF_DCCV_TURANN_NO_TURAN_CAPI_1(1.0),A,IT,DEM_NOPTOUR_ABS_ANN_1,ALL,HOL,REASOTH,9,Y35-44,2018,59,,,,,,,,,,,,,
IT1:68_161_DF_DCCV_TURANN_NO_TURAN_CAPI_1(1.0),A,IT,DEM_NOPTOUR_ABS_ANN_1,ALL,HOL,REASOTH,9,Y35-44,2019,104,,,,,,,,,,,,,
IT1:68_161_DF_DCCV_TURANN_NO_TURAN_CAPI_1(1.0),A,IT,DEM_NOPTOUR_ABS_ANN_1,ALL,HOL,REASOTH,9,Y35-44,2020,122,,,,,,,,,,,,,
IT1:68_161_DF_DCCV_TURANN_NO_TURAN_CAPI_1(1.0),A,IT,DEM_NOPTOUR_ABS_ANN_1,ALL,HOL,REASOTH,9,Y35-44,2021,112,,,,,,,,,,,,,
IT1:68_161_DF_DCCV_TURANN_NO_TURAN_CAPI_1(1.0),A,IT,DEM_NOPTOUR_ABS_ANN_1,ALL,HOL,REASOTH,9,Y35-44,2022,140,,,,,,,,,,,,,
IT1:68_161_DF_DCCV_TURANN_NO_TURAN_CAPI_1(1.0),A,IT,DEM_NOPTOUR_ABS_ANN_1,ALL,HOL,REASOTH,9,Y35-44,2023,213,,,,,,,,,,,,,
IT1:68_161_DF_DCCV_TURANN_NO_TURAN_CAPI_1(1.0),A,IT,DEM_NOPTOUR_ABS_ANN_1,ALL,HOL,REASOTH,9,Y45-54,2018,139,,,,,,,,,,,,,
IT1:68_161_DF_DCCV_TURANN_NO_TURAN_CAPI_1(1.0),A,IT,DEM_NOPTOUR_ABS_ANN_1,ALL,HOL,REASOTH,9,Y45-54,2019,176,,,,,,,,,,,,,
IT1:68_161_DF_DCCV_TURANN_NO_TURAN_CAPI_1(1.0),A,IT,DEM_NOPTOUR_ABS_ANN_1,ALL,HOL,REASOTH,9,Y45-54,2020,147,,,,,,,,,,,,,
IT1:68_161_DF_DCCV_TURANN_NO_TURAN_CAPI_1(1.0),A,IT,DEM_NOPTOUR_ABS_ANN_1,ALL,HOL,REASOTH,9,Y45-54,2021,104,,,,,,,,,,,,,
IT1:68_161_DF_DCCV_TURANN_NO_TURAN_CAPI_1(1.0),A,IT,DEM_NOPTOUR_ABS_ANN_1,ALL,HOL,REASOTH,9,Y45-54,2022,159,,,,,,,,,,,,,
IT1:68_161_DF_DCCV_TURANN_NO_TURAN_CAPI_1(1.0),A,IT,DEM_NOPTOUR_ABS_ANN_1,ALL,HOL,REASOTH,9,Y45-54,2023,180,,,,,,,,,,,,,
IT1:68_161_DF_DCCV_TURANN_NO_TURAN_CAPI_1(1.0),A,IT,DEM_NOPTOUR_ABS_ANN_1,ALL,HOL,REASOTH,9,Y55-64,2018,100,,,,,,,,,,,,,
IT1:68_161_DF_DCCV_TURANN_NO_TURAN_CAPI_1(1.0),A,IT,DEM_NOPTOUR_ABS_ANN_1,ALL,HOL,REASOTH,9,Y55-64,2019,232,,,,,,,,,,,,,
IT1:68_161_DF_DCCV_TURANN_NO_TURAN_CAPI_1(1.0),A,IT,DEM_NOPTOUR_ABS_ANN_1,ALL,HOL,REASOTH,9,Y55-64,2020,100,,,,,,,,,,,,,
IT1:68_161_DF_DCCV_TURANN_NO_TURAN_CAPI_1(1.0),A,IT,DEM_NOPTOUR_ABS_ANN_1,ALL,HOL,REASOTH,9,Y55-64,2021,147,,,,,,,,,,,,,
IT1:68_161_DF_DCCV_TURANN_NO_TURAN_CAPI_1(1.0),A,IT,DEM_NOPTOUR_ABS_ANN_1,ALL,HOL,REASOTH,9,Y55-64,2022,167,,,,,,,,,,,,,
IT1:68_161_DF_DCCV_TURANN_NO_TURAN_CAPI_1(1.0),A,IT,DEM_NOPTOUR_ABS_ANN_1,ALL,HOL,REASOTH,9,Y55-64,2023,205,,,,,,,,,,,,,
