DATAFLOW,FREQ,REF_AREA,DATA_TYPE,ADJUSTMENT,TYPE_ACCOMMODATION,ECON_ACTIVITY_NACE_2007,COUNTRY_RES_GUESTS,LOCALITY_TYPE,URBANIZ_DEGREE,COASTAL_AREA,SIZE_BY_NUMBER_ROOMS,TIME_PERIOD,OBS_VALUE,OBS_STATUS,NOTE_DS,NOTE_REF_AREA,NOTE_DATA_TYPE,NOTE_ADJUSTMENT,NOTE_TYPE_ACCOMMODATION,NOTE_ECON_ACTIVITY_NACE_2007,NOTE_COUNTRY_RES_GUESTS,NOTE_LOCALITY_TYPE,NOTE_URBANIZ_DEGREE,NOTE_COASTAL_AREA,NOTE_SIZE_BY_NUMBER_ROOMS,NOTE_TIME_PERIOD,BASE_PER,UNIT_MEAS,UNIT_MULT
IT1:122_54_DF_DCSC_TUR_10(1.0),A,IT,AR,N,ALL,551_553,IT,ALL,ALL,ALL,TOT,2018,64905729,,,,,,,,,,,,,,,,
IT1:122_54_DF_DCSC_TUR_10(1.0),A,IT,AR,N,ALL,551_553,IT,ALL,ALL,ALL,TOT,2019,66371433,,,,,,,,,,,,,,,,
IT1:122_54_DF_DCSC_TUR_10(1.0),A,IT,AR,N,ALL,551_553,IT,ALL,ALL,ALL,TOT,2020,39190227,,,,,,,,,,,,,,,,
IT1:122_54_DF_DCSC_TUR_10(1.0),A,IT,AR,N,ALL,551_553,IT,ALL,ALL,ALL,TOT,2021,51767750,,,,,,,,,,,,,,,,
IT1:122_54_DF_DCSC_TUR_10(1.0),A,IT,AR,N,ALL,551_553,IT,ALL,ALL,ALL,TOT,2022,63427781,,,,,,,,,,,,,,,,
IT1:122_54_DF_DCSC_TUR_10(1.0),A,IT,AR,N,ALL,551_553,IT,ALL,ALL,ALL,TOT,2023,65758654,,,,,,,,,,,,,,,,
IT1:122_54_DF_DCSC_TUR_10(1.0),A,IT,AR,N,ALL,551_553,IT,CPROV,ALL,ALL,TOT,2023,2892914,,,,,,,,,,,,,,,,
IT1:122_54_DF_DCSC_TUR_10(1.0),A,IT,AR,N,ALL,551_553,IT,CPROV_MUN,ALL,ALL,TOT,2023,29337115,,,,,,,,,,,,,,,,
IT1:122_54_DF_DCSC_TUR_10(1.0),A,IT,AR,N,ALL,551_553,IT,MUN,ALL,ALL,TOT,2023,26444201,,,,,,,,,,,,,,,,
IT1:122_54_DF_DCSC_TUR_10(1.0),A,IT,AR,N,ALL,551_553,IT,TOUR,ALL,ALL,TOT,2023,36421539,,,,,,,,,,,,,,,,
IT1:122_54_DF_DCSC_TUR_10(1.0),A,IT,AR,N,ALL,551_553,IT,TOUR_HILL,ALL,ALL,TOT,2023,1472807,,,,,,,,,,,,,,,,
IT1:122_54_DF_DCSC_TUR_10(1.0),A,IT,AR,N,ALL,551_553,IT,TOUR_HIST_ART,ALL,ALL,TOT,2023,5203810,,,,,,,,,,,,,,,,
IT1:122_54_DF_DCSC_TUR_10(1.0),A,IT,AR,N,ALL,551_553,IT,TOUR_LACSTR,ALL,ALL,TOT,2023,2528860,,,,,,,,,,,,,,,,
IT1:122_54_DF_DCSC_TUR_10(1.0),A,IT,AR,N,ALL,551_553,IT,TOUR_MOUNT,ALL,ALL,TOT,2023,7049221,,,,,,,,,,,,,,,,
IT1:122_54_DF_DCSC_TUR_10(1.0),A,IT,AR,N,ALL,551_553,IT,TOUR_SEASD,ALL,ALL,TOT,2023,17924024,,,,,,,,,,,,,,,,
IT1:122_54_DF_DCSC_TUR_10(1.0),A,IT,AR,N,ALL,551_553,IT,TOUR_THRM,ALL,ALL,TOT,2023,2242817,,,,,,,,,,,,,,,,
IT1:122_54_DF_DCSC_TUR_10(1.0),A,IT,AR,N,ALL,551_553,WORLD,ALL,ALL,ALL,TOT,2018,128100932,,,,,,,,,,,,,,,,
IT1:122_54_DF_DCSC_TUR_10(1.0),A,IT,AR,N,ALL,551_553,WORLD,ALL,ALL,ALL,TOT,2019,131381653,,,,,,,,,,,,,,,,
IT1:122_54_DF_DCSC_TUR_10(1.0),A,IT,AR,N,ALL,551_553,WORLD,ALL,ALL,ALL,TOT,2020,55702138,,,,,,,,,,,,,,,,
IT1:122_54_DF_DCSC_TUR_10(1.0),A,IT,AR,N,ALL,551_553,WORLD,ALL,ALL,ALL,TOT,2021,78670967,,,,,,,,,,,,,,,,
IT1:122_54_DF_DCSC_TUR_10(1.0),A,IT,AR,N,ALL,551_553,WORLD,ALL,ALL,ALL,TOT,2022,118514633,,,,,,,,,,,,,,,,
IT1:122_54_DF_DCSC_TUR_10(1.0),A,IT,AR,N,ALL,551_553,WORLD,ALL,ALL,ALL,TOT,2023,133636709,,,,,,,,,,,,,,,,
IT1:122_54_DF_DCSC_TUR_10(1.0),A,IT,AR,N,ALL,551_553,WORLD,CPROV,ALL,ALL,TOT,2023,4924407,,,,,,,,,,,,,,,,
IT1:122_54_DF_DCSC_TUR_10(1.0),A,IT,AR,N,ALL,551_553,WORLD,CPROV_MUN,ALL,ALL,TOT,2023,66162003,,,,,,,,,,,,,,,,
IT1:122_54_DF_DCSC_TUR_10(1.0),A,IT,AR,N,ALL,551_553,WORLD,MUN,ALL,ALL,TOT,2023,61237596,,,,,,,,,,,,,,,,
IT1:122_54_DF_DCSC_TUR_10(1.0),A,IT,AR,N,ALL,551_553,WORLD,TOUR,ALL,ALL,TOT,2023,67474706,,,,,,,,,,,,,,,,
IT1:122_54_DF_DCSC_TUR_10(1.0),A,IT,AR,N,ALL,551_553,WORLD,TOUR_HILL,ALL,ALL,TOT,2023,2786053,,,,,,,,,,,,,,,,
IT1:122_54_DF_DCSC_TUR_10(1.0),A,IT,AR,N,ALL,551_553,WORLD,TOUR_HIST_ART,ALL,ALL,TOT,2023,9340352,,,,,,,,,,,,,,,,
IT1:122_54_DF_DCSC_TUR_10(1.0),A,IT,AR,N,ALL,551_553,WORLD,TOUR_LACSTR,ALL,ALL,TOT,2023,8563062,,,,,,,,,,,,,,,,
IT1:122_54_DF_DCSC_TUR_10(1.0),A,IT,AR,N,ALL,551_553,WORLD,TOUR_MOUNT,ALL,ALL,TOT,2023,12690815,,,,,,,,,,,,,,,,
IT1:122_54_DF_DCSC_TUR_10(1.0),A,IT,AR,N,ALL,551_553,WORLD,TOUR_SEASD,ALL,ALL,TOT,2023,30246973,,,,,,,,,,,,,,,,
IT1:122_54_DF_DCSC_TUR_10(1.0),A,IT,AR,N,ALL,551_553,WORLD,TOUR_THRM,ALL,ALL,TOT,2023,3847451,,,,,,,,,,,,,,,,
IT1:122_54_DF_DCSC_TUR_10(1.0),A,IT,AR,N,ALL,551_553,WRL_X_ITA,ALL,ALL,ALL,TOT,2018,63195203,,,,,,,,,,,,,,,,
IT1:122_54_DF_DCSC_TUR_10(1.0),A,IT,AR,N,ALL,551_553,WRL_X_ITA,ALL,ALL,ALL,TOT,2019,65010220,,,,,,,,,,,,,,,,
IT1:122_54_DF_DCSC_TUR_10(1.0),A,IT,AR,N,ALL,551_553,WRL_X_ITA,ALL,ALL,ALL,TOT,2020,16511911,,,,,,,,,,,,,,,,
IT1:122_54_DF_DCSC_TUR_10(1.0),A,IT,AR,N,ALL,551_553,WRL_X_ITA,ALL,ALL,ALL,TOT,2021,26903217,,,,,,,,,,,,,,,,
IT1:122_54_DF_DCSC_TUR_10(1.0),A,IT,AR,N,ALL,551_553,WRL_X_ITA,ALL,ALL,ALL,TOT,2022,55086852,,,,,,,,,,,,,,,,
IT1:122_54_DF_DCSC_TUR_10(1.0),A,IT,AR,N,ALL,551_553,WRL_X_ITA,ALL,ALL,ALL,TOT,2023,67878055,,,,,,,,,,,,,,,,
IT1:122_54_DF_DCSC_TUR_10(1.0),A,IT,AR,N,ALL,551_553,WRL_X_ITA,CPROV,ALL,ALL,TOT,2023,2031493,,,,,,,,,,,,,,,,
IT1:122_54_DF_DCSC_TUR_10(1.0),A,IT,AR,N,ALL,551_553,WRL_X_ITA,CPROV_MUN,ALL,ALL,TOT,2023,36824888,,,,,,,,,,,,,,,,
IT1:122_54_DF_DCSC_TUR_10(1.0),A,IT,AR,N,ALL,551_553,WRL_X_ITA,MUN,ALL,ALL,TOT,2023,34793395,,,,,,,,,,,,,,,,
IT1:122_54_DF_DCSC_TUR_10(1.0),A,IT,AR,N,ALL,551_553,WRL_X_ITA,TOUR,ALL,ALL,TOT,2023,31053167,,,,,,,,,,,,,,,,
IT1:122_54_DF_DCSC_TUR_10(1.0),A,IT,AR,N,ALL,551_553,WRL_X_ITA,TOUR_HILL,ALL,ALL,TOT,2023,1313246,,,,,,,,,,,,,,,,
IT1:122_54_DF_DCSC_TUR_10(1.0),A,IT,AR,N,ALL,551_553,WRL_X_ITA,TOUR_HIST_ART,ALL,ALL,TOT,2023,4136542,,,,,,,,,,,,,,,,
IT1:122_54_DF_DCSC_TUR_10(1.0),A,IT,AR,N,ALL,551_553,WRL_X_ITA,TOUR_LACSTR,ALL,ALL,TOT,2023,6034202,,,,,,,,,,,,,,,,
IT1:122_54_DF_DCSC_TUR_10(1.0),A,IT,AR,N,ALL,551_553,WRL_X_ITA,TOUR_MOUNT,ALL,ALL,TOT,2023,5641594,,,,,,,,,,,,,,,,
IT1:122_54_DF_DCSC_TUR_10(1.0),A,IT,AR,N,ALL,551_553,WRL_X_ITA,TOUR_SEASD,ALL,ALL,TOT,2023,12322949,,,,,,,,,,,,,,,,
IT1:122_54_DF_DCSC_TUR_10(1.0),A,IT,AR,N,ALL,551_553,WRL_X_ITA,TOUR_THRM,ALL,ALL,TOT,2023,1604634,,,,,,,,,,,,,,,,
IT1:122_54_DF_DCSC_TUR_10(1.0),A,IT,AR,N,HOTELLIKE,551_553,IT,ALL,ALL,ALL,TOT,2018,49948206,,,,,,,,,,,,,,,,
IT1:122_54_DF_DCSC_TUR_10(1.0),A,IT,AR,N,HOTELLIKE,551_553,IT,ALL,ALL,ALL,TOT,2019,50421984,,,,,,,,,,,,,,,,
IT1:122_54_DF_DCSC_TUR_10(1.0),A,IT,AR,N,HOTELLIKE,551_553,IT,ALL,ALL,ALL,TOT,2020,28021318,,,,,,,,,,,,,,,,
IT1:122_54_DF_DCSC_TUR_10(1.0),A,IT,AR,N,HOTELLIKE,551_553,IT,ALL,ALL,ALL,TOT,2021,37612304,,,,,,,,,,,,,,,,
IT1:122_54_DF_DCSC_TUR_10(1.0),A,IT,AR,N,HOTELLIKE,551_553,IT,ALL,ALL,ALL,TOT,2022,46766343,,,,,,,,,,,,,,,,
IT1:122_54_DF_DCSC_TUR_10(1.0),A,IT,AR,N,HOTELLIKE,551_553,IT,ALL,ALL,ALL,TOT,2023,48183066,,,,,,,,,,,,,,,,
IT1:122_54_DF_DCSC_TUR_10(1.0),A,IT,AR,N,HOTELLIKE,551_553,IT,CPROV,ALL,ALL,TOT,2023,2437852,,,,,,,,,,,,,,,,
IT1:122_54_DF_DCSC_TUR_10(1.0),A,IT,AR,N,HOTELLIKE,551_553,IT,CPROV_MUN,ALL,ALL,TOT,2023,22690546,,,,,,,,,,,,,,,,
IT1:122_54_DF_DCSC_TUR_10(1.0),A,IT,AR,N,HOTELLIKE,551_553,IT,MUN,ALL,ALL,TOT,2023,20252694,,,,,,,,,,,,,,,,
IT1:122_54_DF_DCSC_TUR_10(1.0),A,IT,AR,N,HOTELLIKE,551_553,IT,TOUR,ALL,ALL,TOT,2023,25492520,,,,,,,,,,,,,,,,
IT1:122_54_DF_DCSC_TUR_10(1.0),A,IT,AR,N,HOTELLIKE,551_553,IT,TOUR_HILL,ALL,ALL,TOT,2023,827683,,,,,,,,,,,,,,,,
IT1:122_54_DF_DCSC_TUR_10(1.0),A,IT,AR,N,HOTELLIKE,551_553,IT,TOUR_HIST_ART,ALL,ALL,TOT,2023,3556623,,,,,,,,,,,,,,,,
IT1:122_54_DF_DCSC_TUR_10(1.0),A,IT,AR,N,HOTELLIKE,551_553,IT,TOUR_LACSTR,ALL,ALL,TOT,2023,1563440,,,,,,,,,,,,,,,,
IT1:122_54_DF_DCSC_TUR_10(1.0),A,IT,AR,N,HOTELLIKE,551_553,IT,TOUR_MOUNT,ALL,ALL,TOT,2023,5380622,,,,,,,,,,,,,,,,
IT1:122_54_DF_DCSC_TUR_10(1.0),A,IT,AR,N,HOTELLIKE,551_553,IT,TOUR_SEASD,ALL,ALL,TOT,2023,12190200,,,,,,,,,,,,,,,,
IT1:122_54_DF_DCSC_TUR_10(1.0),A,IT,AR,N,HOTELLIKE,551_553,IT,TOUR_THRM,ALL,ALL,TOT,2023,1973952,,,,,,,,,,,,,,,,
IT1:122_54_DF_DCSC_TUR_10(1.0),A,IT,AR,N,HOTELLIKE,551_553,WORLD,ALL,ALL,ALL,TOT,2018,96772845,,,,,,,,,,,,,,,,
IT1:122_54_DF_DCSC_TUR_10(1.0),A,IT,AR,N,HOTELLIKE,551_553,WORLD,ALL,ALL,ALL,TOT,2019,97798618,,,,,,,,,,,,,,,,
IT1:122_54_DF_DCSC_TUR_10(1.0),A,IT,AR,N,HOTELLIKE,551_553,WORLD,ALL,ALL,ALL,TOT,2020,39026874,,,,,,,,,,,,,,,,
IT1:122_54_DF_DCSC_TUR_10(1.0),A,IT,AR,N,HOTELLIKE,551_553,WORLD,ALL,ALL,ALL,TOT,2021,54719669,,,,,,,,,,,,,,,,
IT1:122_54_DF_DCSC_TUR_10(1.0),A,IT,AR,N,HOTELLIKE,551_553,WORLD,ALL,ALL,ALL,TOT,2022,83375475,,,,,,,,,,,,,,,,
IT1:122_54_DF_DCSC_TUR_10(1.0),A,IT,AR,N,HOTELLIKE,551_553,WORLD,ALL,ALL,ALL,TOT,2023,93676175,,,,,,,,,,,,,,,,
IT1:122_54_DF_DCSC_TUR_10(1.0),A,IT,AR,N,HOTELLIKE,551_553,WORLD,CPROV,ALL,ALL,TOT,2023,4159135,,,,,,,,,,,,,,,,
IT1:122_54_DF_DCSC_TUR_10(1.0),A,IT,AR,N,HOTELLIKE,551_553,WORLD,CPROV_MUN,ALL,ALL,TOT,2023,49119851,,,,,,,,,,,,,,,,
IT1:122_54_DF_DCSC_TUR_10(1.0),A,IT,AR,N,HOTELLIKE,551_553,WORLD,MUN,ALL,ALL,TOT,2023,44960716,,,,,,,,,,,,,,,,
IT1:122_54_DF_DCSC_TUR_10(1.0),A,IT,AR,N,HOTELLIKE,551_553,WORLD,TOUR,ALL,ALL,TOT,2023,44556324,,,,,,,,,,,,,,,,
IT1:122_54_DF_DCSC_TUR_10(1.0),A,IT,AR,N,HOTELLIKE,551_553,WORLD,TOUR_HILL,ALL,ALL,TOT,2023,1397024,,,,,,,,,,,,,,,,
IT1:122_54_DF_DCSC_TUR_10(1.0),A,IT,AR,N,HOTELLIKE,551_553,WORLD,TOUR_HIST_ART,ALL,ALL,TOT,2023,6320571,,,,,,,,,,,,,,,,
IT1:122_54_DF_DCSC_TUR_10(1.0),A,IT,AR,N,HOTELLIKE,551_553,WORLD,TOUR_LACSTR,ALL,ALL,TOT,2023,4664903,,,,,,,,,,,,,,,,
IT1:122_54_DF_DCSC_TUR_10(1.0),A,IT,AR,N,HOTELLIKE,551_553,WORLD,TOUR_MOUNT,ALL,ALL,TOT,2023,9550082,,,,,,,,,,,,,,,,
IT1:122_54_DF_DCSC_TUR_10(1.0),A,IT,AR,N,HOTELLIKE,551_553,WORLD,TOUR_SEASD,ALL,ALL,TOT,2023,19318370,,,,,,,,,,,,,,,,
IT1:122_54_DF_DCSC_TUR_10(1.0),A,IT,AR,N,HOTELLIKE,551_553,WORLD,TOUR_THRM,ALL,ALL,TOT,2023,3305374,,,,,,,,,,,,,,,,
IT1:122_54_DF_DCSC_TUR_10(1.0),A,IT,AR,N,HOTELLIKE,551_553,WRL_X_ITA,ALL,ALL,ALL,TOT,2018,46824639,,,,,,,,,,,,,,,,
IT1:122_54_DF_DCSC_TUR_10(1.0),A,IT,AR,N,HOTELLIKE,551_553,WRL_X_ITA,ALL,ALL,ALL,TOT,2019,47376634,,,,,,,,,,,,,,,,
IT1:122_54_DF_DCSC_TUR_10(1.0),A,IT,AR,N,HOTELLIKE,551_553,WRL_X_ITA,ALL,ALL,ALL,TOT,2020,11005556,,,,,,,,,,,,,,,,
IT1:122_54_DF_DCSC_TUR_10(1.0),A,IT,AR,N,HOTELLIKE,551_553,WRL_X_ITA,ALL,ALL,ALL,TOT,2021,17107365,,,,,,,,,,,,,,,,
IT1:122_54_DF_DCSC_TUR_10(1.0),A,IT,AR,N,HOTELLIKE,551_553,WRL_X_ITA,ALL,ALL,ALL,TOT,2022,36609132,,,,,,,,,,,,,,,,
IT1:122_54_DF_DCSC_TUR_10(1.0),A,IT,AR,N,HOTELLIKE,551_553,WRL_X_ITA,ALL,ALL,ALL,TOT,2023,45493109,,,,,,,,,,,,,,,,
IT1:122_54_DF_DCSC_TUR_10(1.0),A,IT,AR,N,HOTELLIKE,551_553,WRL_X_ITA,CPROV,ALL,ALL,TOT,2023,1721283,,,,,,,,,,,,,,,,
IT1:122_54_DF_DCSC_TUR_10(1.0),A,IT,AR,N,HOTELLIKE,551_553,WRL_X_ITA,CPROV_MUN,ALL,ALL,TOT,2023,26429305,,,,,,,,,,,,,,,,
IT1:122_54_DF_DCSC_TUR_10(1.0),A,IT,AR,N,HOTELLIKE,551_553,WRL_X_ITA,MUN,ALL,ALL,TOT,2023,24708022,,,,,,,,,,,,,,,,
IT1:122_54_DF_DCSC_TUR_10(1.0),A,IT,AR,N,HOTELLIKE,551_553,WRL_X_ITA,TOUR,ALL,ALL,TOT,2023,19063804,,,,,,,,,,,,,,,,
IT1:122_54_DF_DCSC_TUR_10(1.0),A,IT,AR,N,HOTELLIKE,551_553,WRL_X_ITA,TOUR_HILL,ALL,ALL,TOT,2023,569341,,,,,,,,,,,,,,,,
IT1:122_54_DF_DCSC_TUR_10(1.0),A,IT,AR,N,HOTELLIKE,551_553,WRL_X_ITA,TOUR_HIST_ART,ALL,ALL,TOT,2023,2763948,,,,,,,,,,,,,,,,
IT1:122_54_DF_DCSC_TUR_10(1.0),A,IT,AR,N,HOTELLIKE,551_553,WRL_X_ITA,TOUR_LACSTR,ALL,ALL,TOT,2023,3101463,,,,,,,,,,,,,,,,
IT1:122_54_DF_DCSC_TUR_10(1.0),A,IT,AR,N,HOTELLIKE,551_553,WRL_X_ITA,TOUR_MOUNT,ALL,ALL,TOT,2023,4169460,,,,,,,,,,,,,,,,
IT1:122_54_DF_DCSC_TUR_10(1.0),A,IT,AR,N,HOTELLIKE,551_553,WRL_X_ITA,TOUR_SEASD,ALL,ALL,TOT,2023,7128170,,,,,,,,,,,,,,,,
IT1:122_54_DF_DCSC_TUR_10(1.0),A,IT,AR,N,HOTELLIKE,551_553,WRL_X_ITA,TOUR_THRM,ALL,ALL,TOT,2023,1331422,,,,,,,,,,,,,,,,
IT1:122_54_DF_DCSC_TUR_10(1.0),A,IT,AR,N,OTHER,551_553,IT,ALL,ALL,ALL,TOT,2018,14957523,,,,,,,,,,,,,,,,
IT1:122_54_DF_DCSC_TUR_10(1.0),A,IT,AR,N,OTHER,551_553,IT,ALL,ALL,ALL,TOT,2019,15949449,,,,,,,,,,,,,,,,
IT1:122_54_DF_DCSC_TUR_10(1.0),A,IT,AR,N,OTHER,551_553,IT,ALL,ALL,ALL,TOT,2020,11168909,,,,,,,,,,,,,,,,
IT1:122_54_DF_DCSC_TUR_10(1.0),A,IT,AR,N,OTHER,551_553,IT,ALL,ALL,ALL,TOT,2021,14155446,,,,,,,,,,,,,,,,
IT1:122_54_DF_DCSC_TUR_10(1.0),A,IT,AR,N,OTHER,551_553,IT,ALL,ALL,ALL,TOT,2022,16661438,,,,,,,,,,,,,,,,
IT1:122_54_DF_DCSC_TUR_10(1.0),A,IT,AR,N,OTHER,551_553,IT,ALL,ALL,ALL,TOT,2023,17575588,,,,,,,,,,,,,,,,
IT1:122_54_DF_DCSC_TUR_10(1.0),A,IT,AR,N,OTHER,551_553,IT,CPROV,ALL,ALL,TOT,2023,455062,,,,,,,,,,,,,,,,
IT1:122_54_DF_DCSC_TUR_10(1.0),A,IT,AR,N,OTHER,551_553,IT,CPROV_MUN,ALL,ALL,TOT,2023,6646569,,,,,,,,,,,,,,,,
IT1:122_54_DF_DCSC_TUR_10(1.0),A,IT,AR,N,OTHER,551_553,IT,MUN,ALL,ALL,TOT,2023,6191507,,,,,,,,,,,,,,,,
IT1:122_54_DF_DCSC_TUR_10(1.0),A,IT,AR,N,OTHER,551_553,IT,TOUR,ALL,ALL,TOT,2023,10929019,,,,,,,,,,,,,,,,
IT1:122_54_DF_DCSC_TUR_10(1.0),A,IT,AR,N,OTHER,551_553,IT,TOUR_HILL,ALL,ALL,TOT,2023,645124,,,,,,,,,,,,,,,,
IT1:122_54_DF_DCSC_TUR_10(1.0),A,IT,AR,N,OTHER,551_553,IT,TOUR_HIST_ART,ALL,ALL,TOT,2023,1647187,,,,,,,,,,,,,,,,
IT1:122_54_DF_DCSC_TUR_10(1.0),A,IT,AR,N,OTHER,551_553,IT,TOUR_LACSTR,ALL,ALL,TOT,2023,965420,,,,,,,,,,,,,,,,
IT1:122_54_DF_DCSC_TUR_10(1.0),A,IT,AR,N,OTHER,551_553,IT,TOUR_MOUNT,ALL,ALL,TOT,2023,1668599,,,,,,,,,,,,,,,,
IT1:122_54_DF_DCSC_TUR_10(1.0),A,IT,AR,N,OTHER,551_553,IT,TOUR_SEASD,ALL,ALL,TOT,2023,5733824,,,,,,,,,,,,,,,,
IT1:122_54_DF_DCSC_TUR_10(1.0),A,IT,AR,N,OTHER,551_553,IT,TOUR_THRM,ALL,ALL,TOT,2023,268865,,,,,,,,,,,,,,,,
IT1:122_54_DF_DCSC_TUR_10(1.0),A,IT,AR,N,OTHER,551_553,WORLD,ALL,ALL,ALL,TOT,2018,31328087,,,,,,,,,,,,,,,,
IT1:122_54_DF_DCSC_TUR_10(1.0),A,IT,AR,N,OTHER,551_553,WORLD,ALL,ALL,ALL,TOT,2019,33583035,,,,,,,,,,,,,,,,
IT1:122_54_DF_DCSC_TUR_10(1.0),A,IT,AR,N,OTHER,551_553,WORLD,ALL,ALL,ALL,TOT,2020,16675264,,,,,,,,,,,,,,,,
IT1:122_54_DF_DCSC_TUR_10(1.0),A,IT,AR,N,OTHER,551_553,WORLD,ALL,ALL,ALL,TOT,2021,23951298,,,,,,,,,,,,,,,,
IT1:122_54_DF_DCSC_TUR_10(1.0),A,IT,AR,N,OTHER,551_553,WORLD,ALL,ALL,ALL,TOT,2022,35139158,,,,,,,,,,,,,,,,
IT1:122_54_DF_DCSC_TUR_10(1.0),A,IT,AR,N,OTHER,551_553,WORLD,ALL,ALL,ALL,TOT,2023,39960534,,,,,,,,,,,,,,,,
IT1:122_54_DF_DCSC_TUR_10(1.0),A,IT,AR,N,OTHER,551_553,WORLD,CPROV,ALL,ALL,TOT,2023,765272,,,,,,,,,,,,,,,,
IT1:122_54_DF_DCSC_TUR_10(1.0),A,IT,AR,N,OTHER,551_553,WORLD,CPROV_MUN,ALL,ALL,TOT,2023,17042152,,,,,,,,,,,,,,,,
IT1:122_54_DF_DCSC_TUR_10(1.0),A,IT,AR,N,OTHER,551_553,WORLD,MUN,ALL,ALL,TOT,2023,16276880,,,,,,,,,,,,,,,,
IT1:122_54_DF_DCSC_TUR_10(1.0),A,IT,AR,N,OTHER,551_553,WORLD,TOUR,ALL,ALL,TOT,2023,22918382,,,,,,,,,,,,,,,,
IT1:122_54_DF_DCSC_TUR_10(1.0),A,IT,AR,N,OTHER,551_553,WORLD,TOUR_HILL,ALL,ALL,TOT,2023,1389029,,,,,,,,,,,,,,,,
IT1:122_54_DF_DCSC_TUR_10(1.0),A,IT,AR,N,OTHER,551_553,WORLD,TOUR_HIST_ART,ALL,ALL,TOT,2023,3019781,,,,,,,,,,,,,,,,
IT1:122_54_DF_DCSC_TUR_10(1.0),A,IT,AR,N,OTHER,551_553,WORLD,TOUR_LACSTR,ALL,ALL,TOT,2023,3898159,,,,,,,,,,,,,,,,
IT1:122_54_DF_DCSC_TUR_10(1.0),A,IT,AR,N,OTHER,551_553,WORLD,TOUR_MOUNT,ALL,ALL,TOT,2023,3140733,,,,,,,,,,,,,,,,
IT1:122_54_DF_DCSC_TUR_10(1.0),A,IT,AR,N,OTHER,551_553,WORLD,TOUR_SEASD,ALL,ALL,TOT,2023,10928603,,,,,,,,,,,,,,,,
IT1:122_54_DF_DCSC_TUR_10(1.0),A,IT,AR,N,OTHER,551_553,WORLD,TOUR_THRM,ALL,ALL,TOT,2023,542077,,,,,,,,,,,,,,,,
IT1:122_54_DF_DCSC_TUR_10(1.0),A,IT,AR,N,OTHER,551_553,WRL_X_ITA,ALL,ALL,ALL,TOT,2018,16370564,,,,,,,,,,,,,,,,
IT1:122_54_DF_DCSC_TUR_10(1.0),A,IT,AR,N,OTHER,551_553,WRL_X_ITA,ALL,ALL,ALL,TOT,2019,17633586,,,,,,,,,,,,,,,,
IT1:122_54_DF_DCSC_TUR_10(1.0),A,IT,AR,N,OTHER,551_553,WRL_X_ITA,ALL,ALL,ALL,TOT,2020,5506355,,,,,,,,,,,,,,,,
IT1:122_54_DF_DCSC_TUR_10(1.0),A,IT,AR,N,OTHER,551_553,WRL_X_ITA,ALL,ALL,ALL,TOT,2021,9795852,,,,,,,,,,,,,,,,
IT1:122_54_DF_DCSC_TUR_10(1.0),A,IT,AR,N,OTHER,551_553,WRL_X_ITA,ALL,ALL,ALL,TOT,2022,18477720,,,,,,,,,,,,,,,,
IT1:122_54_DF_DCSC_TUR_10(1.0),A,IT,AR,N,OTHER,551_553,WRL_X_ITA,ALL,ALL,ALL,TOT,2023,22384946,,,,,,,,,,,,,,,,
IT1:122_54_DF_DCSC_TUR_10(1.0),A,IT,AR,N,OTHER,551_553,WRL_X_ITA,CPROV,ALL,ALL,TOT,2023,310210,,,,,,,,,,,,,,,,
IT1:122_54_DF_DCSC_TUR_10(1.0),A,IT,AR,N,OTHER,551_553,WRL_X_ITA,CPROV_MUN,ALL,ALL,TOT,2023,10395583,,,,,,,,,,,,,,,,
IT1:122_54_DF_DCSC_TUR_10(1.0),A,IT,AR,N,OTHER,551_553,WRL_X_ITA,MUN,ALL,ALL,TOT,2023,10085373,,,,,,,,,,,,,,,,
IT1:122_54_DF_DCSC_TUR_10(1.0),A,IT,AR,N,OTHER,551_553,WRL_X_ITA,TOUR,ALL,ALL,TOT,2023,11989363,,,,,,,,,,,,,,,,
IT1:122_54_DF_DCSC_TUR_10(1.0),A,IT,AR,N,OTHER,551_553,WRL_X_ITA,TOUR_HILL,ALL,ALL,TOT,2023,743905,,,,,,,,,,,,,,,,
IT1:122_54_DF_DCSC_TUR_10(1.0),A,IT,AR,N,OTHER,551_553,WRL_X_ITA,TOUR_HIST_ART,ALL,ALL,TOT,2023,1372594,,,,,,,,,,,,,,,,
IT1:122_54_DF_DCSC_TUR_10(1.0),A,IT,AR,N,OTHER,551_553,WRL_X_ITA,TOUR_LACSTR,ALL,ALL,TOT,2023,2932739,,,,,,,,,,,,,,,,
IT1:122_54_DF_DCSC_TUR_10(1.0),A,IT,AR,N,OTHER,551_553,WRL_X_ITA,TOUR_MOUNT,ALL,ALL,TOT,2023,1472134,,,,,,,,,,,,,,,,
IT1:122_54_DF_DCSC_TUR_10(1.0),A,IT,AR,N,OTHER,551_553,WRL_X_ITA,TOUR_SEASD,ALL,ALL,TOT,2023,5194779,,,,,,,,,,,,,,,,
IT1:122_54_DF_DCSC_TUR_10(1.0),A,IT,AR,N,OTHER,551_553,WRL_X_ITA,TOUR_THRM,ALL,ALL,TOT,2023,273212,,,,,,,,,,,,,,,,
IT1:122_54_DF_DCSC_TUR_10(1.0),A,IT,NI,N,ALL,551_553,IT,ALL,ALL,ALL,TOT,2018,212334391,,,,,,,,,,,,,,,,
IT1:122_54_DF_DCSC_TUR_10(1.0),A,IT,NI,N,ALL,551_553,IT,ALL,ALL,ALL,TOT,2019,216076587,,,,,,,,,,,,,,,,
IT1:122_54_DF_DCSC_TUR_10(1.0),A,IT,NI,N,ALL,551_553,IT,ALL,ALL,ALL,TOT,2020,143003478,,,,,,,,,,,,,,,,
IT1:122_54_DF_DCSC_TUR_10(1.0),A,IT,NI,N,ALL,551_553,IT,ALL,ALL,ALL,TOT,2021,183054967,,,,,,,,,,,,,,,,
IT1:122_54_DF_DCSC_TUR_10(1.0),A,IT,NI,N,ALL,551_553,IT,ALL,ALL,ALL,TOT,2022,210939098,,,,,,,,,,,,,,,,
IT1:122_54_DF_DCSC_TUR_10(1.0),A,IT,NI,N,ALL,551_553,IT,ALL,ALL,ALL,TOT,2023,212987794,,,,,,,,,,,,,,,,
IT1:122_54_DF_DCSC_TUR_10(1.0),A,IT,NI,N,ALL,551_553,IT,CPROV,ALL,ALL,TOT,2023,6711846,,,,,,,,,,,,,,,,
IT1:122_54_DF_DCSC_TUR_10(1.0),A,IT,NI,N,ALL,551_553,IT,CPROV_MUN,ALL,ALL,TOT,2023,75113843,,,,,,,,,,,,,,,,
IT1:122_54_DF_DCSC_TUR_10(1.0),A,IT,NI,N,ALL,551_553,IT,MUN,ALL,ALL,TOT,2023,68401997,,,,,,,,,,,,,,,,
IT1:122_54_DF_DCSC_TUR_10(1.0),A,IT,NI,N,ALL,551_553,IT,TOUR,ALL,ALL,TOT,2023,137873951,,,,,,,,,,,,,,,,
IT1:122_54_DF_DCSC_TUR_10(1.0),A,IT,NI,N,ALL,551_553,IT,TOUR_HILL,ALL,ALL,TOT,2023,3460379,,,,,,,,,,,,,,,,
IT1:122_54_DF_DCSC_TUR_10(1.0),A,IT,NI,N,ALL,551_553,IT,TOUR_HIST_ART,ALL,ALL,TOT,2023,11870833,,,,,,,,,,,,,,,,
IT1:122_54_DF_DCSC_TUR_10(1.0),A,IT,NI,N,ALL,551_553,IT,TOUR_LACSTR,ALL,ALL,TOT,2023,6593432,,,,,,,,,,,,,,,,
IT1:122_54_DF_DCSC_TUR_10(1.0),A,IT,NI,N,ALL,551_553,IT,TOUR_MOUNT,ALL,ALL,TOT,2023,26502899,,,,,,,,,,,,,,,,
IT1:122_54_DF_DCSC_TUR_10(1.0),A,IT,NI,N,ALL,551_553,IT,TOUR_SEASD,ALL,ALL,TOT,2023,82900094,,,,,,,,,,,,,,,,
IT1:122_54_DF_DCSC_TUR_10(1.0),A,IT,NI,N,ALL,551_553,IT,TOUR_THRM,ALL,ALL,TOT,2023,6546314,,,,,,,,,,,,,,,,
IT1:122_54_DF_DCSC_TUR_10(1.0),A,IT,NI,N,ALL,551_553,WORLD,ALL,ALL,ALL,TOT,2018,428844937,,,,,,,,,,,,,,,,
IT1:122_54_DF_DCSC_TUR_10(1.0),A,IT,NI,N,ALL,551_553,WORLD,ALL,ALL,ALL,TOT,2019,436739271,,,,,,,,,,,,,,,,
IT1:122_54_DF_DCSC_TUR_10(1.0),A,IT,NI,N,ALL,551_553,WORLD,ALL,ALL,ALL,TOT,2020,208447085,,,,,,,,,,,,,,,,
IT1:122_54_DF_DCSC_TUR_10(1.0),A,IT,NI,N,ALL,551_553,WORLD,ALL,ALL,ALL,TOT,2021,289178142,,,,,,,,,,,,,,,,
IT1:122_54_DF_DCSC_TUR_10(1.0),A,IT,NI,N,ALL,551_553,WORLD,ALL,ALL,ALL,TOT,2022,412008532,,,,,,,,,,,,,,,,
IT1:122_54_DF_DCSC_TUR_10(1.0),A,IT,NI,N,ALL,551_553,WORLD,ALL,ALL,ALL,TOT,2023,447170049,,,,,,,,,,,,,,,,
IT1:122_54_DF_DCSC_TUR_10(1.0),A,IT,NI,N,ALL,551_553,WORLD,CPROV,ALL,ALL,TOT,2023,11607764,,,,,,,,,,,,,,,,
IT1:122_54_DF_DCSC_TUR_10(1.0),A,IT,NI,N,ALL,551_553,WORLD,CPROV_MUN,ALL,ALL,TOT,2023,179072269,,,,,,,,,,,,,,,,
IT1:122_54_DF_DCSC_TUR_10(1.0),A,IT,NI,N,ALL,551_553,WORLD,MUN,ALL,ALL,TOT,2023,167464505,,,,,,,,,,,,,,,,
IT1:122_54_DF_DCSC_TUR_10(1.0),A,IT,NI,N,ALL,551_553,WORLD,TOUR,ALL,ALL,TOT,2023,268097780,,,,,,,,,,,,,,,,
IT1:122_54_DF_DCSC_TUR_10(1.0),A,IT,NI,N,ALL,551_553,WORLD,TOUR_HILL,ALL,ALL,TOT,2023,7890989,,,,,,,,,,,,,,,,
IT1:122_54_DF_DCSC_TUR_10(1.0),A,IT,NI,N,ALL,551_553,WORLD,TOUR_HIST_ART,ALL,ALL,TOT,2023,23024348,,,,,,,,,,,,,,,,
IT1:122_54_DF_DCSC_TUR_10(1.0),A,IT,NI,N,ALL,551_553,WORLD,TOUR_LACSTR,ALL,ALL,TOT,2023,33972716,,,,,,,,,,,,,,,,
IT1:122_54_DF_DCSC_TUR_10(1.0),A,IT,NI,N,ALL,551_553,WORLD,TOUR_MOUNT,ALL,ALL,TOT,2023,49957682,,,,,,,,,,,,,,,,
IT1:122_54_DF_DCSC_TUR_10(1.0),A,IT,NI,N,ALL,551_553,WORLD,TOUR_SEASD,ALL,ALL,TOT,2023,141241085,,,,,,,,,,,,,,,,
IT1:122_54_DF_DCSC_TUR_10(1.0),A,IT,NI,N,ALL,551_553,WORLD,TOUR_THRM,ALL,ALL,TOT,2023,12010960,,,,,,,,,,,,,,,,
IT1:122_54_DF_DCSC_TUR_10(1.0),A,IT,NI,N,ALL,551_553,WRL_X_ITA,ALL,ALL,ALL,TOT,2018,216510546,,,,,,,,,,,,,,,,
IT1:122_54_DF_DCSC_TUR_10(1.0),A,IT,NI,N,ALL,551_553,WRL_X_ITA,ALL,ALL,ALL,TOT,2019,220662684,,,,,,,,,,,,,,,,
IT1:122_54_DF_DCSC_TUR_10(1.0),A,IT,NI,N,ALL,551_553,WRL_X_ITA,ALL,ALL,ALL,TOT,2020,65443607,,,,,,,,,,,,,,,,
IT1:122_54_DF_DCSC_TUR_10(1.0),A,IT,NI,N,ALL,551_553,WRL_X_ITA,ALL,ALL,ALL,TOT,2021,106123175,,,,,,,,,,,,,,,,
IT1:122_54_DF_DCSC_TUR_10(1.0),A,IT,NI,N,ALL,551_553,WRL_X_ITA,ALL,ALL,ALL,TOT,2022,201069434,,,,,,,,,,,,,,,,
IT1:122_54_DF_DCSC_TUR_10(1.0),A,IT,NI,N,ALL,551_553,WRL_X_ITA,ALL,ALL,ALL,TOT,2023,234182255,,,,,,,,,,,,,,,,
IT1:122_54_DF_DCSC_TUR_10(1.0),A,IT,NI,N,ALL,551_553,WRL_X_ITA,CPROV,ALL,ALL,TOT,2023,4895918,,,,,,,,,,,,,,,,
IT1:122_54_DF_DCSC_TUR_10(1.0),A,IT,NI,N,ALL,551_553,WRL_X_ITA,CPROV_MUN,ALL,ALL,TOT,2023,103958426,,,,,,,,,,,,,,,,
IT1:122_54_DF_DCSC_TUR_10(1.0),A,IT,NI,N,ALL,551_553,WRL_X_ITA,MUN,ALL,ALL,TOT,2023,99062508,,,,,,,,,,,,,,,,
IT1:122_54_DF_DCSC_TUR_10(1.0),A,IT,NI,N,ALL,551_553,WRL_X_ITA,TOUR,ALL,ALL,TOT,2023,130223829,,,,,,,,,,,,,,,,
IT1:122_54_DF_DCSC_TUR_10(1.0),A,IT,NI,N,ALL,551_553,WRL_X_ITA,TOUR_HILL,ALL,ALL,TOT,2023,4430610,,,,,,,,,,,,,,,,
IT1:122_54_DF_DCSC_TUR_10(1.0),A,IT,NI,N,ALL,551_553,WRL_X_ITA,TOUR_HIST_ART,ALL,ALL,TOT,2023,11153515,,,,,,,,,,,,,,,,
IT1:122_54_DF_DCSC_TUR_10(1.0),A,IT,NI,N,ALL,551_553,WRL_X_ITA,TOUR_LACSTR,ALL,ALL,TOT,2023,27379284,,,,,,,,,,,,,,,,
IT1:122_54_DF_DCSC_TUR_10(1.0),A,IT,NI,N,ALL,551_553,WRL_X_ITA,TOUR_MOUNT,ALL,ALL,TOT,2023,23454783,,,,,,,,,,,,,,,,
IT1:122_54_DF_DCSC_TUR_10(1.0),A,IT,NI,N,ALL,551_553,WRL_X_ITA,TOUR_SEASD,ALL,ALL,TOT,2023,58340991,,,,,,,,,,,,,,,,
IT1:122_54_DF_DCSC_TUR_10(1.0),A,IT,NI,N,ALL,551_553,WRL_X_ITA,TOUR_THRM,ALL,ALL,TOT,2023,5464646,,,,,,,,,,,,,,,,
IT1:122_54_DF_DCSC_TUR_10(1.0),A,IT,NI,N,HOTELLIKE,551_553,IT,ALL,ALL,ALL,TOT,2018,140193803,,,,,,,,,,,,,,,,
IT1:122_54_DF_DCSC_TUR_10(1.0),A,IT,NI,N,HOTELLIKE,551_553,IT,ALL,ALL,ALL,TOT,2019,140376766,,,,,,,,,,,,,,,,
IT1:122_54_DF_DCSC_TUR_10(1.0),A,IT,NI,N,HOTELLIKE,551_553,IT,ALL,ALL,ALL,TOT,2020,85634472,,,,,,,,,,,,,,,,
IT1:122_54_DF_DCSC_TUR_10(1.0),A,IT,NI,N,HOTELLIKE,551_553,IT,ALL,ALL,ALL,TOT,2021,112996772,,,,,,,,,,,,,,,,
IT1:122_54_DF_DCSC_TUR_10(1.0),A,IT,NI,N,HOTELLIKE,551_553,IT,ALL,ALL,ALL,TOT,2022,135124972,,,,,,,,,,,,,,,,
IT1:122_54_DF_DCSC_TUR_10(1.0),A,IT,NI,N,HOTELLIKE,551_553,IT,ALL,ALL,ALL,TOT,2023,136117518,,,,,,,,,,,,,,,,
IT1:122_54_DF_DCSC_TUR_10(1.0),A,IT,NI,N,HOTELLIKE,551_553,IT,CPROV,ALL,ALL,TOT,2023,5465536,,,,,,,,,,,,,,,,
IT1:122_54_DF_DCSC_TUR_10(1.0),A,IT,NI,N,HOTELLIKE,551_553,IT,CPROV_MUN,ALL,ALL,TOT,2023,50933551,,,,,,,,,,,,,,,,
IT1:122_54_DF_DCSC_TUR_10(1.0),A,IT,NI,N,HOTELLIKE,551_553,IT,MUN,ALL,ALL,TOT,2023,45468015,,,,,,,,,,,,,,,,
IT1:122_54_DF_DCSC_TUR_10(1.0),A,IT,NI,N,HOTELLIKE,551_553,IT,TOUR,ALL,ALL,TOT,2023,85183967,,,,,,,,,,,,,,,,
IT1:122_54_DF_DCSC_TUR_10(1.0),A,IT,NI,N,HOTELLIKE,551_553,IT,TOUR_HILL,ALL,ALL,TOT,2023,1711415,,,,,,,,,,,,,,,,
IT1:122_54_DF_DCSC_TUR_10(1.0),A,IT,NI,N,HOTELLIKE,551_553,IT,TOUR_HIST_ART,ALL,ALL,TOT,2023,7164103,,,,,,,,,,,,,,,,
IT1:122_54_DF_DCSC_TUR_10(1.0),A,IT,NI,N,HOTELLIKE,551_553,IT,TOUR_LACSTR,ALL,ALL,TOT,2023,3204000,,,,,,,,,,,,,,,,
IT1:122_54_DF_DCSC_TUR_10(1.0),A,IT,NI,N,HOTELLIKE,551_553,IT,TOUR_MOUNT,ALL,ALL,TOT,2023,19409541,,,,,,,,,,,,,,,,
IT1:122_54_DF_DCSC_TUR_10(1.0),A,IT,NI,N,HOTELLIKE,551_553,IT,TOUR_SEASD,ALL,ALL,TOT,2023,48180847,,,,,,,,,,,,,,,,
IT1:122_54_DF_DCSC_TUR_10(1.0),A,IT,NI,N,HOTELLIKE,551_553,IT,TOUR_THRM,ALL,ALL,TOT,2023,5514061,,,,,,,,,,,,,,,,
IT1:122_54_DF_DCSC_TUR_10(1.0),A,IT,NI,N,HOTELLIKE,551_553,WORLD,ALL,ALL,ALL,TOT,2018,279470236,,,,,,,,,,,,,,,,
IT1:122_54_DF_DCSC_TUR_10(1.0),A,IT,NI,N,HOTELLIKE,551_553,WORLD,ALL,ALL,ALL,TOT,2019,280937897,,,,,,,,,,,,,,,,
IT1:122_54_DF_DCSC_TUR_10(1.0),A,IT,NI,N,HOTELLIKE,551_553,WORLD,ALL,ALL,ALL,TOT,2020,123266144,,,,,,,,,,,,,,,,
IT1:122_54_DF_DCSC_TUR_10(1.0),A,IT,NI,N,HOTELLIKE,551_553,WORLD,ALL,ALL,ALL,TOT,2021,169536228,,,,,,,,,,,,,,,,
IT1:122_54_DF_DCSC_TUR_10(1.0),A,IT,NI,N,HOTELLIKE,551_553,WORLD,ALL,ALL,ALL,TOT,2022,252663840,,,,,,,,,,,,,,,,
IT1:122_54_DF_DCSC_TUR_10(1.0),A,IT,NI,N,HOTELLIKE,551_553,WORLD,ALL,ALL,ALL,TOT,2023,275360996,,,,,,,,,,,,,,,,
IT1:122_54_DF_DCSC_TUR_10(1.0),A,IT,NI,N,HOTELLIKE,551_553,WORLD,CPROV,ALL,ALL,TOT,2023,9441795,,,,,,,,,,,,,,,,
IT1:122_54_DF_DCSC_TUR_10(1.0),A,IT,NI,N,HOTELLIKE,551_553,WORLD,CPROV_MUN,ALL,ALL,TOT,2023,120992671,,,,,,,,,,,,,,,,
IT1:122_54_DF_DCSC_TUR_10(1.0),A,IT,NI,N,HOTELLIKE,551_553,WORLD,MUN,ALL,ALL,TOT,2023,111550876,,,,,,,,,,,,,,,,
IT1:122_54_DF_DCSC_TUR_10(1.0),A,IT,NI,N,HOTELLIKE,551_553,WORLD,TOUR,ALL,ALL,TOT,2023,154368325,,,,,,,,,,,,,,,,
IT1:122_54_DF_DCSC_TUR_10(1.0),A,IT,NI,N,HOTELLIKE,551_553,WORLD,TOUR_HILL,ALL,ALL,TOT,2023,3077966,,,,,,,,,,,,,,,,
IT1:122_54_DF_DCSC_TUR_10(1.0),A,IT,NI,N,HOTELLIKE,551_553,WORLD,TOUR_HIST_ART,ALL,ALL,TOT,2023,13563426,,,,,,,,,,,,,,,,
IT1:122_54_DF_DCSC_TUR_10(1.0),A,IT,NI,N,HOTELLIKE,551_553,WORLD,TOUR_LACSTR,ALL,ALL,TOT,2023,14249022,,,,,,,,,,,,,,,,
IT1:122_54_DF_DCSC_TUR_10(1.0),A,IT,NI,N,HOTELLIKE,551_553,WORLD,TOUR_MOUNT,ALL,ALL,TOT,2023,37099990,,,,,,,,,,,,,,,,
IT1:122_54_DF_DCSC_TUR_10(1.0),A,IT,NI,N,HOTELLIKE,551_553,WORLD,TOUR_SEASD,ALL,ALL,TOT,2023,76478690,,,,,,,,,,,,,,,,
IT1:122_54_DF_DCSC_TUR_10(1.0),A,IT,NI,N,HOTELLIKE,551_553,WORLD,TOUR_THRM,ALL,ALL,TOT,2023,9899231,,,,,,,,,,,,,,,,
IT1:122_54_DF_DCSC_TUR_10(1.0),A,IT,NI,N,HOTELLIKE,551_553,WRL_X_ITA,ALL,ALL,ALL,TOT,2018,139276433,,,,,,,,,,,,,,,,
IT1:122_54_DF_DCSC_TUR_10(1.0),A,IT,NI,N,HOTELLIKE,551_553,WRL_X_ITA,ALL,ALL,ALL,TOT,2019,140561131,,,,,,,,,,,,,,,,
IT1:122_54_DF_DCSC_TUR_10(1.0),A,IT,NI,N,HOTELLIKE,551_553,WRL_X_ITA,ALL,ALL,ALL,TOT,2020,37631672,,,,,,,,,,,,,,,,
IT1:122_54_DF_DCSC_TUR_10(1.0),A,IT,NI,N,HOTELLIKE,551_553,WRL_X_ITA,ALL,ALL,ALL,TOT,2021,56539456,,,,,,,,,,,,,,,,
IT1:122_54_DF_DCSC_TUR_10(1.0),A,IT,NI,N,HOTELLIKE,551_553,WRL_X_ITA,ALL,ALL,ALL,TOT,2022,117538868,,,,,,,,,,,,,,,,
IT1:122_54_DF_DCSC_TUR_10(1.0),A,IT,NI,N,HOTELLIKE,551_553,WRL_X_ITA,ALL,ALL,ALL,TOT,2023,139243478,,,,,,,,,,,,,,,,
IT1:122_54_DF_DCSC_TUR_10(1.0),A,IT,NI,N,HOTELLIKE,551_553,WRL_X_ITA,CPROV,ALL,ALL,TOT,2023,3976259,,,,,,,,,,,,,,,,
IT1:122_54_DF_DCSC_TUR_10(1.0),A,IT,NI,N,HOTELLIKE,551_553,WRL_X_ITA,CPROV_MUN,ALL,ALL,TOT,2023,70059120,,,,,,,,,,,,,,,,
IT1:122_54_DF_DCSC_TUR_10(1.0),A,IT,NI,N,HOTELLIKE,551_553,WRL_X_ITA,MUN,ALL,ALL,TOT,2023,66082861,,,,,,,,,,,,,,,,
IT1:122_54_DF_DCSC_TUR_10(1.0),A,IT,NI,N,HOTELLIKE,551_553,WRL_X_ITA,TOUR,ALL,ALL,TOT,2023,69184358,,,,,,,,,,,,,,,,
IT1:122_54_DF_DCSC_TUR_10(1.0),A,IT,NI,N,HOTELLIKE,551_553,WRL_X_ITA,TOUR_HILL,ALL,ALL,TOT,2023,1366551,,,,,,,,,,,,,,,,
IT1:122_54_DF_DCSC_TUR_10(1.0),A,IT,NI,N,HOTELLIKE,551_553,WRL_X_ITA,TOUR_HIST_ART,ALL,ALL,TOT,2023,6399323,,,,,,,,,,,,,,,,
IT1:122_54_DF_DCSC_TUR_10(1.0),A,IT,NI,N,HOTELLIKE,551_553,WRL_X_ITA,TOUR_LACSTR,ALL,ALL,TOT,2023,11045022,,,,,,,,,,,,,,,,
IT1:122_54_DF_DCSC_TUR_10(1.0),A,IT,NI,N,HOTELLIKE,551_553,WRL_X_ITA,TOUR_MOUNT,ALL,ALL,TOT,2023,17690449,,,,,,,,,,,,,,,,
IT1:122_54_DF_DCSC_TUR_10(1.0),A,IT,NI,N,HOTELLIKE,551_553,WRL_X_ITA,TOUR_SEASD,ALL,ALL,TOT,2023,28297843,,,,,,,,,,,,,,,,
IT1:122_54_DF_DCSC_TUR_10(1.0),A,IT,NI,N,HOTELLIKE,551_553,WRL_X_ITA,TOUR_THRM,ALL,ALL,TOT,2023,4385170,,,,,,,,,,,,,,,,
IT1:122_54_DF_DCSC_TUR_10(1.0),A,IT,NI,N,OTHER,551_553,IT,ALL,ALL,ALL,TOT,2018,72140588,,,,,,,,,,,,,,,,
IT1:122_54_DF_DCSC_TUR_10(1.0),A,IT,NI,N,OTHER,551_553,IT,ALL,ALL,ALL,TOT,2019,75699821,,,,,,,,,,,,,,,,
IT1:122_54_DF_DCSC_TUR_10(1.0),A,IT,NI,N,OTHER,551_553,IT,ALL,ALL,ALL,TOT,2020,57369006,,,,,,,,,,,,,,,,
IT1:122_54_DF_DCSC_TUR_10(1.0),A,IT,NI,N,OTHER,551_553,IT,ALL,ALL,ALL,TOT,2021,70058195,,,,,,,,,,,,,,,,
IT1:122_54_DF_DCSC_TUR_10(1.0),A,IT,NI,N,OTHER,551_553,IT,ALL,ALL,ALL,TOT,2022,75814126,,,,,,,,,,,,,,,,
IT1:122_54_DF_DCSC_TUR_10(1.0),A,IT,NI,N,OTHER,551_553,IT,ALL,ALL,ALL,TOT,2023,76870276,,,,,,,,,,,,,,,,
IT1:122_54_DF_DCSC_TUR_10(1.0),A,IT,NI,N,OTHER,551_553,IT,CPROV,ALL,ALL,TOT,2023,1246310,,,,,,,,,,,,,,,,
IT1:122_54_DF_DCSC_TUR_10(1.0),A,IT,NI,N,OTHER,551_553,IT,CPROV_MUN,ALL,ALL,TOT,2023,24180292,,,,,,,,,,,,,,,,
IT1:122_54_DF_DCSC_TUR_10(1.0),A,IT,NI,N,OTHER,551_553,IT,MUN,ALL,ALL,TOT,2023,22933982,,,,,,,,,,,,,,,,
IT1:122_54_DF_DCSC_TUR_10(1.0),A,IT,NI,N,OTHER,551_553,IT,TOUR,ALL,ALL,TOT,2023,52689984,,,,,,,,,,,,,,,,
IT1:122_54_DF_DCSC_TUR_10(1.0),A,IT,NI,N,OTHER,551_553,IT,TOUR_HILL,ALL,ALL,TOT,2023,1748964,,,,,,,,,,,,,,,,
IT1:122_54_DF_DCSC_TUR_10(1.0),A,IT,NI,N,OTHER,551_553,IT,TOUR_HIST_ART,ALL,ALL,TOT,2023,4706730,,,,,,,,,,,,,,,,
IT1:122_54_DF_DCSC_TUR_10(1.0),A,IT,NI,N,OTHER,551_553,IT,TOUR_LACSTR,ALL,ALL,TOT,2023,3389432,,,,,,,,,,,,,,,,
IT1:122_54_DF_DCSC_TUR_10(1.0),A,IT,NI,N,OTHER,551_553,IT,TOUR_MOUNT,ALL,ALL,TOT,2023,7093358,,,,,,,,,,,,,,,,
IT1:122_54_DF_DCSC_TUR_10(1.0),A,IT,NI,N,OTHER,551_553,IT,TOUR_SEASD,ALL,ALL,TOT,2023,34719247,,,,,,,,,,,,,,,,
IT1:122_54_DF_DCSC_TUR_10(1.0),A,IT,NI,N,OTHER,551_553,IT,TOUR_THRM,ALL,ALL,TOT,2023,1032253,,,,,,,,,,,,,,,,
IT1:122_54_DF_DCSC_TUR_10(1.0),A,IT,NI,N,OTHER,551_553,WORLD,ALL,ALL,ALL,TOT,2018,149374701,,,,,,,,,,,,,,,,
IT1:122_54_DF_DCSC_TUR_10(1.0),A,IT,NI,N,OTHER,551_553,WORLD,ALL,ALL,ALL,TOT,2019,155801374,,,,,,,,,,,,,,,,
IT1:122_54_DF_DCSC_TUR_10(1.0),A,IT,NI,N,OTHER,551_553,WORLD,ALL,ALL,ALL,TOT,2020,85180941,,,,,,,,,,,,,,,,
IT1:122_54_DF_DCSC_TUR_10(1.0),A,IT,NI,N,OTHER,551_553,WORLD,ALL,ALL,ALL,TOT,2021,119641914,,,,,,,,,,,,,,,,
IT1:122_54_DF_DCSC_TUR_10(1.0),A,IT,NI,N,OTHER,551_553,WORLD,ALL,ALL,ALL,TOT,2022,159344692,,,,,,,,,,,,,,,,
IT1:122_54_DF_DCSC_TUR_10(1.0),A,IT,NI,N,OTHER,551_553,WORLD,ALL,ALL,ALL,TOT,2023,171809053,,,,,,,,,,,,,,,,
IT1:122_54_DF_DCSC_TUR_10(1.0),A,IT,NI,N,OTHER,551_553,WORLD,CPROV,ALL,ALL,TOT,2023,2165969,,,,,,,,,,,,,,,,
IT1:122_54_DF_DCSC_TUR_10(1.0),A,IT,NI,N,OTHER,551_553,WORLD,CPROV_MUN,ALL,ALL,TOT,2023,58079598,,,,,,,,,,,,,,,,
IT1:122_54_DF_DCSC_TUR_10(1.0),A,IT,NI,N,OTHER,551_553,WORLD,MUN,ALL,ALL,TOT,2023,55913629,,,,,,,,,,,,,,,,
IT1:122_54_DF_DCSC_TUR_10(1.0),A,IT,NI,N,OTHER,551_553,WORLD,TOUR,ALL,ALL,TOT,2023,113729455,,,,,,,,,,,,,,,,
IT1:122_54_DF_DCSC_TUR_10(1.0),A,IT,NI,N,OTHER,551_553,WORLD,TOUR_HILL,ALL,ALL,TOT,2023,4813023,,,,,,,,,,,,,,,,
IT1:122_54_DF_DCSC_TUR_10(1.0),A,IT,NI,N,OTHER,551_553,WORLD,TOUR_HIST_ART,ALL,ALL,TOT,2023,9460922,,,,,,,,,,,,,,,,
IT1:122_54_DF_DCSC_TUR_10(1.0),A,IT,NI,N,OTHER,551_553,WORLD,TOUR_LACSTR,ALL,ALL,TOT,2023,19723694,,,,,,,,,,,,,,,,
IT1:122_54_DF_DCSC_TUR_10(1.0),A,IT,NI,N,OTHER,551_553,WORLD,TOUR_MOUNT,ALL,ALL,TOT,2023,12857692,,,,,,,,,,,,,,,,
IT1:122_54_DF_DCSC_TUR_10(1.0),A,IT,NI,N,OTHER,551_553,WORLD,TOUR_SEASD,ALL,ALL,TOT,2023,64762395,,,,,,,,,,,,,,,,
IT1:122_54_DF_DCSC_TUR_10(1.0),A,IT,NI,N,OTHER,551_553,WORLD,TOUR_THRM,ALL,ALL,TOT,2023,2111729,,,,,,,,,,,,,,,,
IT1:122_54_DF_DCSC_TUR_10(1.0),A,IT,NI,N,OTHER,551_553,WRL_X_ITA,ALL,ALL,ALL,TOT,2018,77234113,,,,,,,,,,,,,,,,
IT1:122_54_DF_DCSC_TUR_10(1.0),A,IT,NI,N,OTHER,551_553,WRL_X_ITA,ALL,ALL,ALL,TOT,2019,80101553,,,,,,,,,,,,,,,,
IT1:122_54_DF_DCSC_TUR_10(1.0),A,IT,NI,N,OTHER,551_553,WRL_X_ITA,ALL,ALL,ALL,TOT,2020,27811935,,,,,,,,,,,,,,,,
IT1:122_54_DF_DCSC_TUR_10(1.0),A,IT,NI,N,OTHER,551_553,WRL_X_ITA,ALL,ALL,ALL,TOT,2021,49583719,,,,,,,,,,,,,,,,
IT1:122_54_DF_DCSC_TUR_10(1.0),A,IT,NI,N,OTHER,551_553,WRL_X_ITA,ALL,ALL,ALL,TOT,2022,83530566,,,,,,,,,,,,,,,,
IT1:122_54_DF_DCSC_TUR_10(1.0),A,IT,NI,N,OTHER,551_553,WRL_X_ITA,ALL,ALL,ALL,TOT,2023,94938777,,,,,,,,,,,,,,,,
IT1:122_54_DF_DCSC_TUR_10(1.0),A,IT,NI,N,OTHER,551_553,WRL_X_ITA,CPROV,ALL,ALL,TOT,2023,919659,,,,,,,,,,,,,,,,
IT1:122_54_DF_DCSC_TUR_10(1.0),A,IT,NI,N,OTHER,551_553,WRL_X_ITA,CPROV_MUN,ALL,ALL,TOT,2023,33899306,,,,,,,,,,,,,,,,
IT1:122_54_DF_DCSC_TUR_10(1.0),A,IT,NI,N,OTHER,551_553,WRL_X_ITA,MUN,ALL,ALL,TOT,2023,32979647,,,,,,,,,,,,,,,,
IT1:122_54_DF_DCSC_TUR_10(1.0),A,IT,NI,N,OTHER,551_553,WRL_X_ITA,TOUR,ALL,ALL,TOT,2023,61039471,,,,,,,,,,,,,,,,
IT1:122_54_DF_DCSC_TUR_10(1.0),A,IT,NI,N,OTHER,551_553,WRL_X_ITA,TOUR_HILL,ALL,ALL,TOT,2023,3064059,,,,,,,,,,,,,,,,
IT1:122_54_DF_DCSC_TUR_10(1.0),A,IT,NI,N,OTHER,551_553,WRL_X_ITA,TOUR_HIST_ART,ALL,ALL,TOT,2023,4754192,,,,,,,,,,,,,,,,
IT1:122_54_DF_DCSC_TUR_10(1.0),A,IT,NI,N,OTHER,551_553,WRL_X_ITA,TOUR_LACSTR,ALL,ALL,TOT,2023,16334262,,,,,,,,,,,,,,,,
IT1:122_54_DF_DCSC_TUR_10(1.0),A,IT,NI,N,OTHER,551_553,WRL_X_ITA,TOUR_MOUNT,ALL,ALL,TOT,2023,5764334,,,,,,,,,,,,,,,,
IT1:122_54_DF_DCSC_TUR_10(1.0),A,IT,NI,N,OTHER,551_553,WRL_X_ITA,TOUR_SEASD,ALL,ALL,TOT,2023,30043148,,,,,,,,,,,,,,,,
IT1:122_54_DF_DCSC_TUR_10(1.0),A,IT,NI,N,OTHER,551_553,WRL_X_ITA,TOUR_THRM,ALL,ALL,TOT,2023,1079476,,,,,,,,,,,,,,,,
